"","RID","on_foot","bike","car","distance_walk","time_walk","distance_bike","time_bike","distance_car","time_car","mean_dist","mean_time"
"1",12031,0,0,1,NA,NA,NA,NA,8172,923,8172,923
"2",12035,1,0,0,3657,2802,NA,NA,NA,NA,3657,2802
"3",12036,0,1,0,NA,NA,893,430,NA,NA,893,430
"4",12043,1,1,0,2264,1807,2264,406,NA,NA,2264,1106.5
"5",12045,1,0,0,3021,2455,NA,NA,NA,NA,3021,2455
"6",12053,1,1,1,2886,2340,3086,603,4134,357,3368.66666666667,1100
"7",12056,1,0,0,574,485,NA,NA,NA,NA,574,485
"8",12063,1,0,0,779,631,NA,NA,NA,NA,779,631
"9",12073,1,0,1,95,80,NA,NA,18,5,56.5,42.5
"10",12074,0,1,0,NA,NA,1248,261,NA,NA,1248,261
"11",12075,1,1,0,3343,2891,3443,961,NA,NA,3393,1926
"12",12084,0,1,1,NA,NA,10553,2343,10114,2063,10333.5,2203
"13",12088,1,0,0,7679,6203,NA,NA,NA,NA,7679,6203
"14",12089,0,0,0,NA,NA,NA,NA,13290,1410,13290,1410
"15",12090,1,0,0,198,169,NA,NA,NA,NA,198,169
"16",12094,1,0,0,2556,2173,NA,NA,NA,NA,2556,2173
"17",12097,1,0,0,1815,1735,NA,NA,NA,NA,1815,1735
"18",12099,1,0,0,65699,54609,NA,NA,NA,NA,65699,54609
"19",12102,1,0,1,1021,937,NA,NA,1034,210,1027.5,573.5
"20",12106,0,1,1,NA,NA,7140,1308,8067,655,7603.5,981.5
"21",12108,0,0,1,NA,NA,NA,NA,4650,605,4650,605
"22",12111,1,0,0,51856,43099,NA,NA,NA,NA,51856,43099
"23",12114,0,0,0,NA,NA,NA,NA,23078,940,23078,940
"24",12117,0,1,0,NA,NA,1862,394,NA,NA,1862,394
"25",12120,1,1,0,460,386,460,113,NA,NA,460,249.5
"26",12129,1,0,0,268,216,NA,NA,NA,NA,268,216
"27",12134,0,1,0,NA,NA,4943,1301,NA,NA,4943,1301
"28",12141,1,1,0,15127,12462,17003,3357,NA,NA,16065,7909.5
"29",12143,0,0,1,NA,NA,NA,NA,9885,1105,9885,1105
"30",12153,0,0,1,NA,NA,NA,NA,8683,856,8683,856
"31",12159,0,0,1,NA,NA,NA,NA,46957,3138,46957,3138
"32",12168,1,0,0,1622,1394,NA,NA,NA,NA,1622,1394
"33",12170,0,0,1,NA,NA,NA,NA,27381,1554,27381,1554
"34",12173,1,1,1,2920,2479,3029,759,3041,335,2996.66666666667,1191
"35",12174,0,1,1,NA,NA,9375,2537,9791,1096,9583,1816.5
"36",12180,1,0,0,1868,1532,NA,NA,NA,NA,1868,1532
"37",12183,1,0,0,3437,2973,NA,NA,NA,NA,3437,2973
"38",12190,0,0,0,NA,NA,NA,NA,786,180,786,180
"39",12194,0,0,1,NA,NA,NA,NA,9197,768,9197,768
"40",12195,0,0,1,NA,NA,NA,NA,845,185,845,185
"41",12211,1,0,0,975,917,NA,NA,NA,NA,975,917
"42",12213,0,0,1,NA,NA,NA,NA,11334,888,11334,888
"43",12215,0,1,1,NA,NA,25761,4746,32878,1984,29319.5,3365
"44",12216,0,0,1,NA,NA,NA,NA,2500,347,2500,347
"45",12226,1,0,0,680,534,NA,NA,NA,NA,680,534
"46",12228,0,0,1,NA,NA,NA,NA,28487,1932,28487,1932
"47",12230,0,0,1,NA,NA,NA,NA,15114,746,15114,746
"48",12246,1,0,0,3904,3162,NA,NA,NA,NA,3904,3162
"49",12248,0,0,1,NA,NA,NA,NA,5548,683,5548,683
"50",12253,1,0,0,744,591,NA,NA,NA,NA,744,591
"51",12254,0,0,1,NA,NA,NA,NA,12197,811,12197,811
"52",12260,1,0,0,252,218,NA,NA,NA,NA,252,218
"53",12262,1,0,1,14496,11793,NA,NA,18098,974,16297,6383.5
"54",12266,1,0,1,110696,90092,NA,NA,114373,6500,112534.5,48296
"55",12272,1,1,0,5602,4524,5878,1060,NA,NA,5740,2792
"56",12273,1,0,0,2589,2110,NA,NA,NA,NA,2589,2110
"57",12279,1,0,0,4446,4049,NA,NA,NA,NA,4446,4049
"58",12280,1,1,0,594,481,595,104,NA,NA,594.5,292.5
"59",12284,1,1,0,2794,2350,2794,668,NA,NA,2794,1509
"60",12286,0,0,1,NA,NA,NA,NA,8429,796,8429,796
"61",12288,0,1,0,NA,NA,18980,4334,NA,NA,18980,4334
"62",12296,1,0,0,8354,6749,NA,NA,NA,NA,8354,6749
"63",12297,0,0,1,NA,NA,NA,NA,13341,787,13341,787
"64",12305,1,0,0,1994,1620,NA,NA,NA,NA,1994,1620
"65",12309,0,0,1,NA,NA,NA,NA,6366,407,6366,407
"66",12314,1,0,0,4696,3783,NA,NA,NA,NA,4696,3783
"67",12315,0,0,1,NA,NA,NA,NA,36293,1777,36293,1777
"68",12317,0,1,1,NA,NA,1632,485,1354,163,1493,324
"69",12319,0,1,0,NA,NA,4138,1621,NA,NA,4138,1621
"70",12320,0,0,1,NA,NA,NA,NA,52695,2825,52695,2825
"71",12329,1,0,0,485822,397640,NA,NA,NA,NA,485822,397640
"72",12334,0,0,0,NA,NA,NA,NA,4069,626,4069,626
"73",12335,1,0,0,2372,2200,NA,NA,NA,NA,2372,2200
"74",12341,1,1,0,5588,4538,5884,1159,NA,NA,5736,2848.5
"75",12346,0,0,1,NA,NA,NA,NA,8822,1431,8822,1431
"76",12347,1,0,0,1774,1477,NA,NA,NA,NA,1774,1477
"77",12349,1,1,0,26039,21183,21328,4264,NA,NA,23683.5,12723.5
"78",12351,1,0,0,997,803,NA,NA,NA,NA,997,803
"79",12356,0,1,0,NA,NA,2752,907,NA,NA,2752,907
"80",12358,1,0,0,646,520,NA,NA,NA,NA,646,520
"81",12359,1,0,1,2720,2256,NA,NA,5225,609,3972.5,1432.5
"82",12363,0,0,1,NA,NA,NA,NA,118328,4825,118328,4825
"83",12365,1,0,0,979,792,NA,NA,NA,NA,979,792
"84",12368,1,0,0,16560,13508,NA,NA,NA,NA,16560,13508
"85",12371,0,0,1,NA,NA,NA,NA,3798,372,3798,372
"86",12372,1,0,0,431,367,NA,NA,NA,NA,431,367
"87",12379,0,1,1,NA,NA,5211,1020,5626,795,5418.5,907.5
"88",12382,1,0,0,2963,2436,NA,NA,NA,NA,2963,2436
"89",12385,0,0,1,NA,NA,NA,NA,3741,463,3741,463
"90",12393,1,0,0,1326,1104,NA,NA,NA,NA,1326,1104
"91",12397,0,1,0,NA,NA,13587,2805,NA,NA,13587,2805
"92",12398,1,0,0,1624,1461,NA,NA,NA,NA,1624,1461
"93",12399,0,0,1,NA,NA,NA,NA,306,48,306,48
"94",12405,0,0,0,NA,NA,NA,NA,3331,539,3331,539
"95",12407,0,0,1,NA,NA,NA,NA,17769,1473,17769,1473
"96",12408,0,0,1,NA,NA,NA,NA,21312,1448,21312,1448
"97",12418,0,0,1,NA,NA,NA,NA,45559,2331,45559,2331
"98",12424,1,0,0,230,199,NA,NA,NA,NA,230,199
"99",12426,1,1,0,2139,1708,2246,462,NA,NA,2192.5,1085
"100",12431,1,0,0,675,545,NA,NA,NA,NA,675,545
"101",12436,1,0,0,1989,1693,NA,NA,NA,NA,1989,1693
"102",12437,1,0,1,9921,8008,NA,NA,11756,1158,10838.5,4583
"103",12445,0,1,0,NA,NA,5574,1194,NA,NA,5574,1194
"104",12459,1,0,0,714,599,NA,NA,NA,NA,714,599
"105",12465,1,0,1,55491,45645,NA,NA,75843,3340,65667,24492.5
"106",12470,1,1,0,2847,2308,2882,585,NA,NA,2864.5,1446.5
"107",12471,1,1,1,17619,14602,17992,4049,28584,1814,21398.3333333333,6821.66666666667
"108",12473,1,0,0,2551,2113,NA,NA,NA,NA,2551,2113
"109",12478,0,0,1,NA,NA,NA,NA,21821,1714,21821,1714
"110",12484,1,0,1,6570,5504,NA,NA,6992,854,6781,3179
"111",12489,0,0,1,NA,NA,NA,NA,28891,2473,28891,2473
"112",12490,0,0,1,NA,NA,NA,NA,38231,2148,38231,2148
"113",12492,1,0,0,2437,2012,NA,NA,NA,NA,2437,2012
"114",12493,1,0,1,2877,2419,NA,NA,3733,450,3305,1434.5
"115",12494,0,0,1,NA,NA,NA,NA,16259,1205,16259,1205
"116",12499,1,0,0,1073,1347,NA,NA,NA,NA,1073,1347
"117",12502,0,1,0,NA,NA,5037,1696,NA,NA,5037,1696
"118",12503,0,1,0,NA,NA,3348,1007,NA,NA,3348,1007
"119",12507,1,0,0,894,714,NA,NA,NA,NA,894,714
"120",12510,1,0,0,640,560,NA,NA,NA,NA,640,560
"121",12512,0,1,0,NA,NA,706,173,NA,NA,706,173
"122",12514,1,0,0,1180,961,NA,NA,NA,NA,1180,961
"123",12515,1,1,1,15331,14285,17652,5123,19467,1412,17483.3333333333,6940
"124",12517,0,1,0,NA,NA,6498,1141,NA,NA,6498,1141
"125",12518,0,0,1,NA,NA,NA,NA,20160,1984,20160,1984
"126",12528,0,0,1,NA,NA,NA,NA,6567,617,6567,617
"127",12530,0,0,0,NA,NA,NA,NA,3714,862,3714,862
"128",12531,1,0,0,33662,27253,NA,NA,NA,NA,33662,27253
"129",12538,0,0,1,NA,NA,NA,NA,6790,717,6790,717
"130",12540,1,0,1,18751,15331,NA,NA,20593,1614,19672,8472.5
"131",12541,0,0,1,NA,NA,NA,NA,6013,727,6013,727
"132",12548,1,0,1,2818,2296,NA,NA,10476,1224,6647,1760
"133",12555,1,0,0,578,492,NA,NA,NA,NA,578,492
"134",12559,1,0,0,3740,3041,NA,NA,NA,NA,3740,3041
"135",12560,1,0,0,1796,1550,NA,NA,NA,NA,1796,1550
"136",12563,0,0,1,NA,NA,NA,NA,16893,1642,16893,1642
"137",12566,1,0,0,535,459,NA,NA,NA,NA,535,459
"138",12567,1,1,0,3121,2962,4187,1057,NA,NA,3654,2009.5
"139",12571,1,0,0,3302,2670,NA,NA,NA,NA,3302,2670
"140",12574,0,0,1,NA,NA,NA,NA,53645,2812,53645,2812
"141",12577,1,0,1,5063,5169,NA,NA,8160,894,6611.5,3031.5
"142",12578,0,0,0,NA,NA,NA,NA,649909,24207,649909,24207
"143",12580,1,0,1,3194,2777,NA,NA,6503,754,4848.5,1765.5
"144",12590,1,0,0,2181,1772,NA,NA,NA,NA,2181,1772
"145",12598,1,0,0,830,667,NA,NA,NA,NA,830,667
"146",12613,0,0,1,NA,NA,NA,NA,4172,475,4172,475
"147",12614,1,0,0,933,1004,NA,NA,NA,NA,933,1004
"148",12619,1,1,0,832,688,852,163,NA,NA,842,425.5
"149",12620,0,0,1,NA,NA,NA,NA,16888,1543,16888,1543
"150",12623,1,0,0,153525,124156,NA,NA,NA,NA,153525,124156
"151",12624,0,0,1,NA,NA,NA,NA,10789,741,10789,741
"152",12626,0,1,0,NA,NA,1395,355,NA,NA,1395,355
"153",12630,1,0,0,412,348,NA,NA,NA,NA,412,348
"154",12634,0,0,1,NA,NA,NA,NA,5888,564,5888,564
"155",12636,0,0,1,NA,NA,NA,NA,46661,2296,46661,2296
"156",12638,1,0,0,656,718,NA,NA,NA,NA,656,718
"157",12640,1,0,0,1765,1542,NA,NA,NA,NA,1765,1542
"158",12643,1,0,0,459,400,NA,NA,NA,NA,459,400
"159",12645,0,1,0,NA,NA,2686,647,NA,NA,2686,647
"160",12646,0,1,0,NA,NA,4078,849,NA,NA,4078,849
"161",12648,0,1,0,NA,NA,3295,783,NA,NA,3295,783
"162",12653,1,1,1,3756,3603,5165,1723,6617,793,5179.33333333333,2039.66666666667
"163",12660,0,1,0,NA,NA,7722,1460,NA,NA,7722,1460
"164",12663,1,0,0,2196,1776,NA,NA,NA,NA,2196,1776
"165",12666,0,0,1,NA,NA,NA,NA,16683,1367,16683,1367
"166",12667,0,0,1,NA,NA,NA,NA,777861,29657,777861,29657
"167",12673,1,0,1,3854,3177,NA,NA,4728,832,4291,2004.5
"168",12680,0,0,1,NA,NA,NA,NA,18856,1528,18856,1528
"169",12682,0,0,1,NA,NA,NA,NA,8032,1163,8032,1163
"170",12684,1,0,0,1161,943,NA,NA,NA,NA,1161,943
"171",12687,0,0,1,NA,NA,NA,NA,747034,28507,747034,28507
"172",12692,0,0,1,NA,NA,NA,NA,49869,2512,49869,2512
"173",12694,1,0,1,2651,2400,NA,NA,3563,496,3107,1448
"174",12697,1,1,0,5241,4234,5312,998,NA,NA,5276.5,2616
"175",12699,1,1,1,12834,10416,13777,2640,20274,1301,15628.3333333333,4785.66666666667
"176",12700,1,1,0,1452,1162,1506,250,NA,NA,1479,706
"177",12703,0,1,1,NA,NA,2929,556,14056,969,8492.5,762.5
"178",12704,1,0,0,72505,58981,NA,NA,NA,NA,72505,58981
"179",12706,1,1,0,958,764,958,159,NA,NA,958,461.5
"180",12707,0,1,1,NA,NA,897,213,1768,347,1332.5,280
"181",12722,0,0,1,NA,NA,NA,NA,385410,14571,385410,14571
"182",12727,0,0,1,NA,NA,NA,NA,14551,980,14551,980
"183",12734,1,1,1,917,741,917,161,609,116,814.333333333333,339.333333333333
"184",12742,0,0,1,NA,NA,NA,NA,930,140,930,140
"185",12744,1,1,0,1305,1074,1612,313,NA,NA,1458.5,693.5
"186",12752,1,0,0,1024,854,NA,NA,NA,NA,1024,854
"187",12753,0,0,1,NA,NA,NA,NA,20685,1360,20685,1360
"188",12760,1,0,1,590,469,NA,NA,1692,252,1141,360.5
"189",12762,0,0,1,NA,NA,NA,NA,3323,432,3323,432
"190",12766,0,0,1,NA,NA,NA,NA,9761,981,9761,981
"191",12768,1,0,0,750,640,NA,NA,NA,NA,750,640
"192",12769,0,0,1,NA,NA,NA,NA,7676,618,7676,618
"193",12772,0,1,0,NA,NA,15234,2944,NA,NA,15234,2944
"194",12773,1,0,0,1706,1663,NA,NA,NA,NA,1706,1663
"195",12776,0,0,1,NA,NA,NA,NA,27220,2192,27220,2192
"196",12777,0,0,1,NA,NA,NA,NA,5206,642,5206,642
"197",12780,0,1,0,NA,NA,1598,632,NA,NA,1598,632
"198",12790,0,0,1,NA,NA,NA,NA,7010,472,7010,472
"199",12793,0,1,1,NA,NA,3352,673,3586,373,3469,523
"200",12794,0,1,0,NA,NA,218762,41139,NA,NA,218762,41139
"201",12799,1,0,0,2264,1847,NA,NA,NA,NA,2264,1847
"202",12805,1,0,0,2959,2412,NA,NA,NA,NA,2959,2412
"203",12809,1,0,0,2269,1892,NA,NA,NA,NA,2269,1892
"204",12816,1,1,1,8008,7007,8499,1772,8497,589,8334.66666666667,3122.66666666667
"205",12817,0,1,0,NA,NA,12780,2697,NA,NA,12780,2697
"206",12823,1,0,0,499,484,NA,NA,NA,NA,499,484
"207",12844,0,0,0,NA,NA,NA,NA,5581,900,5581,900
"208",12845,1,0,1,12121,9846,NA,NA,10646,1078,11383.5,5462
"209",12847,0,1,0,NA,NA,2689,586,NA,NA,2689,586
"210",12849,0,0,0,NA,NA,NA,NA,347871,13191,347871,13191
"211",12859,1,0,0,2003,1955,NA,NA,NA,NA,2003,1955
"212",12863,1,0,0,6797,5566,NA,NA,NA,NA,6797,5566
"213",12865,1,1,0,7440,6426,7744,1808,NA,NA,7592,4117
"214",12867,1,0,0,898,796,NA,NA,NA,NA,898,796
"215",12868,1,1,1,4072,4069,4072,1624,4695,555,4279.66666666667,2082.66666666667
"216",12871,0,0,1,NA,NA,NA,NA,20524,1170,20524,1170
"217",12875,1,0,1,281,274,NA,NA,220,47,250.5,160.5
"218",12883,1,1,0,3535,3444,3543,1606,NA,NA,3539,2525
"219",12884,0,0,1,NA,NA,NA,NA,552,81,552,81
"220",12888,0,0,1,NA,NA,NA,NA,15860,1322,15860,1322
"221",12889,1,0,1,15689,12722,NA,NA,17301,1281,16495,7001.5
"222",12900,1,0,0,1551,1316,NA,NA,NA,NA,1551,1316
"223",12903,1,0,1,2898,2428,NA,NA,3430,518,3164,1473
"224",12909,1,0,0,1100,888,NA,NA,NA,NA,1100,888
"225",12910,1,0,0,488,434,NA,NA,NA,NA,488,434
"226",12920,0,0,0,NA,NA,NA,NA,7548,949,7548,949
"227",12921,0,0,1,NA,NA,NA,NA,54323,2400,54323,2400
"228",12922,1,0,0,489,398,NA,NA,NA,NA,489,398
"229",12924,0,0,0,NA,NA,NA,NA,1646,202,1646,202
"230",12928,0,1,1,NA,NA,6128,1193,8423,648,7275.5,920.5
"231",12929,0,0,1,NA,NA,NA,NA,1747,280,1747,280
"232",12936,0,0,1,NA,NA,NA,NA,12918,943,12918,943
"233",12937,1,0,0,29318,24272,NA,NA,NA,NA,29318,24272
"234",12938,1,0,0,2512,2046,NA,NA,NA,NA,2512,2046
"235",12940,1,0,0,1407,1137,NA,NA,NA,NA,1407,1137
"236",12941,1,0,0,1884,1622,NA,NA,NA,NA,1884,1622
"237",12946,0,1,0,NA,NA,4904,1051,NA,NA,4904,1051
"238",12949,1,1,1,9068,7357,10252,1962,9434,884,9584.66666666667,3401
"239",12954,1,0,0,2207,1752,NA,NA,NA,NA,2207,1752
"240",12963,0,0,1,NA,NA,NA,NA,9078,1073,9078,1073
"241",12964,1,0,0,1710,1472,NA,NA,NA,NA,1710,1472
"242",12966,0,0,0,NA,NA,NA,NA,5930,656,5930,656
"243",12975,1,0,1,1125,903,NA,NA,1003,204,1064,553.5
"244",12976,1,0,1,4478,4177,NA,NA,5647,807,5062.5,2492
"245",22063,1,0,0,2270,1847,NA,NA,NA,NA,2270,1847
"246",22073,1,0,1,10874,8938,NA,NA,12933,1292,11903.5,5115
"247",22074,0,0,0,NA,NA,NA,NA,6137,574,6137,574
"248",22076,1,0,0,411195,336766,NA,NA,NA,NA,411195,336766
"249",22077,1,0,0,258,248,NA,NA,NA,NA,258,248
"250",22083,0,1,0,NA,NA,5620,1139,NA,NA,5620,1139
"251",22084,1,0,0,453,358,NA,NA,NA,NA,453,358
"252",22088,1,1,0,1792,1993,1893,984,NA,NA,1842.5,1488.5
"253",22091,0,1,0,NA,NA,37107,6740,NA,NA,37107,6740
"254",22092,1,0,0,3439,2855,NA,NA,NA,NA,3439,2855
"255",22094,0,0,1,NA,NA,NA,NA,2526,446,2526,446
"256",22095,1,0,1,2783,2736,NA,NA,2832,255,2807.5,1495.5
"257",22101,0,0,1,NA,NA,NA,NA,8795,684,8795,684
"258",22105,0,0,1,NA,NA,NA,NA,7517,577,7517,577
"259",22108,0,0,0,NA,NA,NA,NA,-2,-2,-2,-2
"260",22111,0,1,0,NA,NA,7012,1370,NA,NA,7012,1370
"261",22112,1,0,1,26055,21826,NA,NA,28578,2180,27316.5,12003
"262",22113,1,1,0,1976,1576,1951,319,NA,NA,1963.5,947.5
"263",22124,1,0,1,4085,3505,NA,NA,4240,429,4162.5,1967
"264",22127,1,0,0,1035,844,NA,NA,NA,NA,1035,844
"265",22129,1,0,1,5899,4892,NA,NA,8509,641,7204,2766.5
"266",22134,0,0,1,NA,NA,NA,NA,1856,305,1856,305
"267",22137,0,0,1,NA,NA,NA,NA,25817,1869,25817,1869
"268",22142,1,0,1,12695,10891,NA,NA,16145,1241,14420,6066
"269",22144,1,0,0,925,812,NA,NA,NA,NA,925,812
"270",22150,0,1,0,NA,NA,1122,221,NA,NA,1122,221
"271",22152,0,0,1,NA,NA,NA,NA,17806,1366,17806,1366
"272",22156,0,1,1,NA,NA,154435,31330,187173,7385,170804,19357.5
"273",22159,0,0,1,NA,NA,NA,NA,29109,1470,29109,1470
"274",22161,0,0,1,NA,NA,NA,NA,14294,1100,14294,1100
"275",22162,1,0,0,1681,1353,NA,NA,NA,NA,1681,1353
"276",22167,1,0,0,1361,1154,NA,NA,NA,NA,1361,1154
"277",22170,1,1,0,266349,218725,-1,-1,NA,NA,133174,109362
"278",22171,1,1,0,6041,4884,6041,1120,NA,NA,6041,3002
"279",22175,1,1,0,1912,1541,1955,365,NA,NA,1933.5,953
"280",22176,0,0,1,NA,NA,NA,NA,13245,1164,13245,1164
"281",22180,1,0,0,814,634,NA,NA,NA,NA,814,634
"282",22183,0,1,1,NA,NA,14268,2818,14944,1043,14606,1930.5
"283",22188,0,0,0,NA,NA,NA,NA,1366,280,1366,280
"284",22190,1,0,0,637,549,NA,NA,NA,NA,637,549
"285",22192,1,0,0,6300,5586,NA,NA,NA,NA,6300,5586
"286",22196,0,0,1,NA,NA,NA,NA,21117,1400,21117,1400
"287",22197,1,0,1,6077,5612,NA,NA,6724,575,6400.5,3093.5
"288",22206,0,0,1,NA,NA,NA,NA,5309,577,5309,577
"289",22221,0,1,0,NA,NA,628,185,NA,NA,628,185
"290",22224,0,0,1,NA,NA,NA,NA,19083,1442,19083,1442
"291",22227,1,0,1,1046,905,NA,NA,1302,339,1174,622
"292",22231,0,0,1,NA,NA,NA,NA,8516,752,8516,752
"293",22232,0,0,1,NA,NA,NA,NA,8852,695,8852,695
"294",22235,1,0,0,1450,1157,NA,NA,NA,NA,1450,1157
"295",22238,1,0,0,2779,2314,NA,NA,NA,NA,2779,2314
"296",22240,0,0,1,NA,NA,NA,NA,10943,679,10943,679
"297",22252,0,1,1,NA,NA,7051,1378,6925,639,6988,1008.5
"298",22257,0,1,0,NA,NA,11403,2403,NA,NA,11403,2403
"299",22258,1,0,1,29034,23391,NA,NA,33088,1956,31061,12673.5
"300",22264,0,0,1,NA,NA,NA,NA,2826,288,2826,288
"301",22266,1,1,1,4382,3683,4673,1101,4975,796,4676.66666666667,1860
"302",22267,0,1,0,NA,NA,7195,1282,NA,NA,7195,1282
"303",22272,1,1,1,2537,2163,2991,560,2452,353,2660,1025.33333333333
"304",22274,0,1,1,NA,NA,15369,2878,17760,1396,16564.5,2137
"305",22277,0,0,1,NA,NA,NA,NA,226864,8430,226864,8430
"306",22282,1,0,0,1546,1290,NA,NA,NA,NA,1546,1290
"307",22284,1,0,0,2425,2041,NA,NA,NA,NA,2425,2041
"308",22288,0,0,1,NA,NA,NA,NA,14976,980,14976,980
"309",22293,1,0,1,4225,3346,NA,NA,8834,558,6529.5,1952
"310",22294,0,1,0,NA,NA,3502,671,NA,NA,3502,671
"311",22295,1,0,0,914,739,NA,NA,NA,NA,914,739
"312",22302,1,0,1,9774,7959,NA,NA,9412,613,9593,4286
"313",22308,0,1,0,NA,NA,18640,4315,NA,NA,18640,4315
"314",22315,1,1,0,2052,1638,2105,355,NA,NA,2078.5,996.5
"315",22317,1,1,1,9738,7911,9992,1887,9554,767,9761.33333333333,3521.66666666667
"316",22318,1,0,0,814,1028,NA,NA,NA,NA,814,1028
"317",22325,1,0,0,6546,5227,NA,NA,NA,NA,6546,5227
"318",22332,1,1,0,3597,2951,3793,747,NA,NA,3695,1849
"319",22334,1,1,0,282,226,282,49,NA,NA,282,137.5
"320",22336,0,0,0,NA,NA,NA,NA,17476,1355,17476,1355
"321",22340,0,0,1,NA,NA,NA,NA,3140,435,3140,435
"322",22342,0,1,1,NA,NA,14962,2695,13568,1292,14265,1993.5
"323",22343,1,0,0,364,292,NA,NA,NA,NA,364,292
"324",22345,1,0,0,1853,1913,NA,NA,NA,NA,1853,1913
"325",22360,1,0,0,24670,20960,NA,NA,NA,NA,24670,20960
"326",22365,0,1,0,NA,NA,2580,599,NA,NA,2580,599
"327",22368,1,0,1,565,529,NA,NA,846,137,705.5,333
"328",22378,0,0,0,NA,NA,NA,NA,9795,1020,9795,1020
"329",22379,0,0,1,NA,NA,NA,NA,17228,991,17228,991
"330",22384,1,0,0,556,451,NA,NA,NA,NA,556,451
"331",22395,1,0,1,3966,3064,NA,NA,5236,745,4601,1904.5
"332",22397,0,1,0,NA,NA,521,112,NA,NA,521,112
"333",22399,1,0,0,48844,40311,NA,NA,NA,NA,48844,40311
"334",22411,0,0,1,NA,NA,NA,NA,5885,722,5885,722
"335",22414,1,0,0,2247,1976,NA,NA,NA,NA,2247,1976
"336",22417,1,1,0,907,708,907,203,NA,NA,907,455.5
"337",22419,1,1,0,6752,5545,6923,1424,NA,NA,6837.5,3484.5
"338",22421,1,0,0,2112,1693,NA,NA,NA,NA,2112,1693
"339",22424,1,1,1,11216,9088,12845,2379,13504,900,12521.6666666667,4122.33333333333
"340",22427,1,0,0,2640,2419,NA,NA,NA,NA,2640,2419
"341",22429,0,0,1,NA,NA,NA,NA,152269,6010,152269,6010
"342",22437,0,1,1,NA,NA,8391,1595,8232,738,8311.5,1166.5
"343",22438,1,0,0,1157,1202,NA,NA,NA,NA,1157,1202
"344",22447,1,0,0,3090,2493,NA,NA,NA,NA,3090,2493
"345",22460,1,1,1,1462,1248,1716,517,1291,189,1489.66666666667,651.333333333333
"346",22463,1,0,1,1572,1286,NA,NA,1781,220,1676.5,753
"347",22467,1,0,0,2769,2312,NA,NA,NA,NA,2769,2312
"348",22470,0,0,1,NA,NA,NA,NA,2743,284,2743,284
"349",22483,0,0,1,NA,NA,NA,NA,8866,859,8866,859
"350",22484,1,0,0,2315,1990,NA,NA,NA,NA,2315,1990
"351",22491,1,1,1,1169,974,1243,245,1912,314,1441.33333333333,511
"352",22496,1,0,0,2825,2283,NA,NA,NA,NA,2825,2283
"353",22517,1,1,0,12504,10400,14224,2793,NA,NA,13364,6596.5
"354",22522,0,1,1,NA,NA,10657,2276,12943,966,11800,1621
"355",22525,0,1,0,NA,NA,14500,2936,NA,NA,14500,2936
"356",22530,0,1,0,NA,NA,5184,1045,NA,NA,5184,1045
"357",22533,1,0,0,292,254,NA,NA,NA,NA,292,254
"358",22550,0,0,1,NA,NA,NA,NA,15751,2433,15751,2433
"359",22551,1,0,0,1521,1242,NA,NA,NA,NA,1521,1242
"360",22560,1,0,0,827,668,NA,NA,NA,NA,827,668
"361",22562,1,1,0,2076,1736,2269,456,NA,NA,2172.5,1096
"362",22567,0,1,1,NA,NA,10723,2106,10499,1529,10611,1817.5
"363",22569,0,1,0,NA,NA,4611,965,NA,NA,4611,965
"364",22573,1,0,0,1667,1540,NA,NA,NA,NA,1667,1540
"365",22577,1,0,0,1454,1262,NA,NA,NA,NA,1454,1262
"366",22585,0,0,1,NA,NA,NA,NA,100204,4174,100204,4174
"367",22595,0,0,1,NA,NA,NA,NA,13139,1074,13139,1074
"368",22598,1,0,0,3316,2714,NA,NA,NA,NA,3316,2714
"369",22600,0,0,1,NA,NA,NA,NA,10420,954,10420,954
"370",22602,1,1,0,10850,8975,11263,2374,NA,NA,11056.5,5674.5
"371",22603,1,1,0,1213,983,1337,301,NA,NA,1275,642
"372",22610,1,0,0,1020,841,NA,NA,NA,NA,1020,841
"373",22612,1,0,0,5671,4584,NA,NA,NA,NA,5671,4584
"374",22618,1,0,0,8709,6913,NA,NA,NA,NA,8709,6913
"375",22622,1,0,0,5006,4621,NA,NA,NA,NA,5006,4621
"376",22624,1,0,0,3131,2688,NA,NA,NA,NA,3131,2688
"377",22628,1,0,1,3424,2824,NA,NA,4556,657,3990,1740.5
"378",22629,1,0,0,632,547,NA,NA,NA,NA,632,547
"379",22631,1,0,1,67243,54144,NA,NA,82779,3782,75011,28963
"380",22634,1,1,0,13267,11310,13917,3263,NA,NA,13592,7286.5
"381",22645,0,1,0,NA,NA,3038,641,NA,NA,3038,641
"382",22652,1,1,1,25690,20766,25038,4862,24183,1684,24970.3333333333,9104
"383",22661,1,0,0,3337,2928,NA,NA,NA,NA,3337,2928
"384",22662,1,1,0,39993,32767,44829,8588,NA,NA,42411,20677.5
"385",22671,1,0,1,5992,4890,NA,NA,7989,979,6990.5,2934.5
"386",22672,0,1,1,NA,NA,6172,1131,5187,440,5679.5,785.5
"387",22674,1,0,0,1598,1304,NA,NA,NA,NA,1598,1304
"388",22678,1,1,0,3121,2575,3483,730,NA,NA,3302,1652.5
"389",22682,1,0,0,371,296,NA,NA,NA,NA,371,296
"390",22687,1,0,0,2548,2456,NA,NA,NA,NA,2548,2456
"391",22693,1,0,0,69,63,NA,NA,NA,NA,69,63
"392",22704,0,0,1,NA,NA,NA,NA,2160,386,2160,386
"393",22710,0,0,1,NA,NA,NA,NA,30116,2417,30116,2417
"394",22716,0,0,1,NA,NA,NA,NA,208,17,208,17
"395",22718,1,0,1,26912,21747,NA,NA,28212,1965,27562,11856
"396",22723,1,0,0,999,890,NA,NA,NA,NA,999,890
"397",22724,0,0,1,NA,NA,NA,NA,10907,1128,10907,1128
"398",22727,0,1,0,NA,NA,19340,4176,NA,NA,19340,4176
"399",22728,1,0,1,5968,4853,NA,NA,7081,771,6524.5,2812
"400",22731,0,0,1,NA,NA,NA,NA,7930,460,7930,460
"401",22740,1,0,1,3146,2483,NA,NA,2968,332,3057,1407.5
"402",22743,1,1,1,1869,1505,1905,327,2292,249,2022,693.666666666667
"403",22746,0,0,1,NA,NA,NA,NA,5143,486,5143,486
"404",22750,0,0,1,NA,NA,NA,NA,17504,1420,17504,1420
"405",22751,1,0,0,1240,1006,NA,NA,NA,NA,1240,1006
"406",22757,1,0,0,2219,1806,NA,NA,NA,NA,2219,1806
"407",22759,0,1,0,NA,NA,4349,730,NA,NA,4349,730
"408",22760,1,0,0,1779,1545,NA,NA,NA,NA,1779,1545
"409",22763,1,1,0,5523,4548,5748,1141,NA,NA,5635.5,2844.5
"410",22765,1,1,0,2236,1750,2236,415,NA,NA,2236,1082.5
"411",22768,1,0,0,4698,3828,NA,NA,NA,NA,4698,3828
"412",22770,0,0,1,NA,NA,NA,NA,50879,2218,50879,2218
"413",22774,1,0,0,1967,1654,NA,NA,NA,NA,1967,1654
"414",22778,1,1,1,2602,2244,2700,670,2137,440,2479.66666666667,1118
"415",22779,0,1,1,NA,NA,12097,2209,14905,1007,13501,1608
"416",22784,1,0,1,13979,11259,NA,NA,15268,1006,14623.5,6132.5
"417",22785,1,0,1,1890,1597,NA,NA,2415,463,2152.5,1030
"418",22788,0,0,1,NA,NA,NA,NA,1261,144,1261,144
"419",22792,1,0,0,2098,2290,NA,NA,NA,NA,2098,2290
"420",22797,0,0,1,NA,NA,NA,NA,13419,1381,13419,1381
"421",22798,0,0,1,NA,NA,NA,NA,2054,127,2054,127
"422",22800,0,0,0,NA,NA,NA,NA,573,106,573,106
"423",22809,1,0,0,2496,2488,NA,NA,NA,NA,2496,2488
"424",22821,1,0,0,1283,1385,NA,NA,NA,NA,1283,1385
"425",22827,1,0,0,812,655,NA,NA,NA,NA,812,655
"426",22835,1,0,0,15475,13041,NA,NA,NA,NA,15475,13041
"427",22840,1,0,0,2098,2230,NA,NA,NA,NA,2098,2230
"428",22841,1,0,0,832,678,NA,NA,NA,NA,832,678
"429",22845,0,0,1,NA,NA,NA,NA,8850,900,8850,900
"430",22851,0,1,0,NA,NA,11518,2542,NA,NA,11518,2542
"431",22855,0,0,1,NA,NA,NA,NA,106395,4507,106395,4507
"432",22856,1,0,0,455,372,NA,NA,NA,NA,455,372
"433",22862,0,0,1,NA,NA,NA,NA,250332,10048,250332,10048
"434",22864,1,1,0,4380,3491,4380,756,NA,NA,4380,2123.5
"435",22869,0,0,1,NA,NA,NA,NA,1151,159,1151,159
"436",22871,1,0,0,468,396,NA,NA,NA,NA,468,396
"437",22873,0,1,1,NA,NA,20232,3987,20674,1598,20453,2792.5
"438",22874,0,0,1,NA,NA,NA,NA,21410,1641,21410,1641
"439",22879,1,0,1,987,786,NA,NA,6721,726,3854,756
"440",22880,0,0,1,NA,NA,NA,NA,5549,577,5549,577
"441",22882,1,1,0,546,452,546,152,NA,NA,546,302
"442",22884,1,0,1,19204,16618,NA,NA,22237,1436,20720.5,9027
"443",22893,1,0,1,30554,25507,NA,NA,41122,2858,35838,14182.5
"444",22896,1,0,0,1760,1428,NA,NA,NA,NA,1760,1428
"445",22897,1,1,1,4053,3484,4691,1034,5857,915,4867,1811
"446",22899,1,0,0,3914,3556,NA,NA,NA,NA,3914,3556
"447",22907,1,0,0,770,616,NA,NA,NA,NA,770,616
"448",22912,0,0,0,NA,NA,NA,NA,2710,401,2710,401
"449",22915,1,1,0,1727,1389,1843,352,NA,NA,1785,870.5
"450",22917,1,0,0,2929,2529,NA,NA,NA,NA,2929,2529
"451",22920,0,0,1,NA,NA,NA,NA,526672,20521,526672,20521
"452",22932,0,0,0,NA,NA,NA,NA,1735,316,1735,316
"453",22936,1,0,0,706,576,NA,NA,NA,NA,706,576
"454",22942,1,0,0,8863,7518,NA,NA,NA,NA,8863,7518
"455",22944,0,0,1,NA,NA,NA,NA,17040,1022,17040,1022
"456",22951,1,0,0,1391,1126,NA,NA,NA,NA,1391,1126
"457",22952,1,0,0,881,719,NA,NA,NA,NA,881,719
"458",22954,0,1,1,NA,NA,22323,4136,21387,1244,21855,2690
"459",22958,1,0,0,10166,8195,NA,NA,NA,NA,10166,8195
"460",22969,1,0,0,495,462,NA,NA,NA,NA,495,462
"461",22977,0,1,0,NA,NA,946,188,NA,NA,946,188
"462",22978,1,0,0,667010,545549,NA,NA,NA,NA,667010,545549
"463",22983,0,0,1,NA,NA,NA,NA,1579,241,1579,241
"464",22986,1,1,0,870,718,870,179,NA,NA,870,448.5
"465",23004,0,1,0,NA,NA,4518,868,NA,NA,4518,868
"466",23006,1,0,0,2148,1770,NA,NA,NA,NA,2148,1770
"467",23011,1,0,0,76,62,NA,NA,NA,NA,76,62
"468",23012,1,0,0,651,544,NA,NA,NA,NA,651,544
"469",23025,0,0,1,NA,NA,NA,NA,648874,24214,648874,24214
"470",23031,1,1,0,4868,3946,4929,961,NA,NA,4898.5,2453.5
"471",23032,1,0,0,3597,2958,NA,NA,NA,NA,3597,2958
"472",23040,1,1,1,3072,2556,3366,663,6344,724,4260.66666666667,1314.33333333333
"473",23043,0,0,0,NA,NA,NA,NA,34239,2452,34239,2452
"474",23047,1,0,0,1767,1720,NA,NA,NA,NA,1767,1720
"475",23055,1,0,0,807,630,NA,NA,NA,NA,807,630
"476",23061,1,1,1,2121,1707,2137,371,2137,201,2131.66666666667,759.666666666667
"477",23062,0,0,1,NA,NA,NA,NA,12990,1104,12990,1104
"478",23065,1,1,1,3537,3009,3677,897,3677,302,3630.33333333333,1402.66666666667
"479",23068,1,1,1,58280,49133,68209,14773,76126,3486,67538.3333333333,22464
"480",23073,1,0,1,199904,163320,NA,NA,224054,9261,211979,86290.5
"481",23074,1,0,0,2410,1960,NA,NA,NA,NA,2410,1960
"482",23084,0,0,1,NA,NA,NA,NA,25282,2023,25282,2023
"483",23085,1,0,0,5161,4238,NA,NA,NA,NA,5161,4238
"484",23092,1,1,0,2605,2146,2824,638,NA,NA,2714.5,1392
"485",23096,1,0,1,1365,1067,NA,NA,5509,514,3437,790.5
"486",23103,1,0,0,3937,3247,NA,NA,NA,NA,3937,3247
"487",23104,0,0,1,NA,NA,NA,NA,29297,2378,29297,2378
"488",23113,0,0,0,NA,NA,NA,NA,4250,759,4250,759
"489",23115,0,0,1,NA,NA,NA,NA,18135,1541,18135,1541
"490",23124,1,0,0,790,774,NA,NA,NA,NA,790,774
"491",23129,0,0,1,NA,NA,NA,NA,8080,996,8080,996
"492",23131,1,0,0,3819,3445,NA,NA,NA,NA,3819,3445
"493",23135,1,1,1,1349,1087,1350,265,1069,165,1256,505.666666666667
"494",23141,0,1,0,NA,NA,1990,430,NA,NA,1990,430
"495",23142,1,0,0,1630,1323,NA,NA,NA,NA,1630,1323
"496",23143,1,1,0,8956,7351,9334,1863,NA,NA,9145,4607
"497",23149,0,0,1,NA,NA,NA,NA,4183,416,4183,416
"498",23153,1,1,1,2270,1956,2309,646,2306,321,2295,974.333333333333
"499",23159,1,0,0,878,705,NA,NA,NA,NA,878,705
"500",23164,1,0,0,33205,26989,NA,NA,NA,NA,33205,26989
"501",23168,1,0,0,7615,6251,NA,NA,NA,NA,7615,6251
"502",23171,1,0,1,2388,1996,NA,NA,2618,358,2503,1177
"503",23179,0,0,1,NA,NA,NA,NA,29679,1670,29679,1670
"504",23183,0,0,1,NA,NA,NA,NA,271719,10995,271719,10995
"505",23200,1,1,0,2909,2694,3168,1042,NA,NA,3038.5,1868
"506",23211,1,0,0,1677,1397,NA,NA,NA,NA,1677,1397
"507",23253,0,0,1,NA,NA,NA,NA,1231,244,1231,244
"508",23263,1,1,0,1879,1502,2445,383,NA,NA,2162,942.5
"509",23265,0,0,1,NA,NA,NA,NA,20799,1253,20799,1253
"510",23271,1,0,0,1552,1316,NA,NA,NA,NA,1552,1316
"511",23280,0,1,1,NA,NA,23894,4524,23256,1387,23575,2955.5
"512",23291,1,1,0,5057,5100,5140,2134,NA,NA,5098.5,3617
"513",23293,1,0,0,644,519,NA,NA,NA,NA,644,519
"514",32079,0,0,1,NA,NA,NA,NA,9264,741,9264,741
"515",32082,1,0,0,337,276,NA,NA,NA,NA,337,276
"516",32084,1,0,0,1276,1060,NA,NA,NA,NA,1276,1060
"517",32091,1,0,0,7545,7020,NA,NA,NA,NA,7545,7020
"518",32095,1,0,0,3919,3293,NA,NA,NA,NA,3919,3293
"519",32100,1,0,0,1611,1562,NA,NA,NA,NA,1611,1562
"520",32110,1,0,0,2771,2549,NA,NA,NA,NA,2771,2549
"521",32114,1,0,1,3084,2500,NA,NA,2432,292,2758,1396
"522",32115,0,0,1,NA,NA,NA,NA,35699,2114,35699,2114
"523",32127,0,0,1,NA,NA,NA,NA,16165,1322,16165,1322
"524",32128,1,0,0,390,426,NA,NA,NA,NA,390,426
"525",32132,1,0,0,1076,979,NA,NA,NA,NA,1076,979
"526",32133,1,0,0,250,197,NA,NA,NA,NA,250,197
"527",32135,1,0,1,272,228,NA,NA,310,68,291,148
"528",32136,1,0,0,490,380,NA,NA,NA,NA,490,380
"529",32137,0,1,1,NA,NA,110979,22058,110204,5251,110591.5,13654.5
"530",32143,0,0,1,NA,NA,NA,NA,6462,421,6462,421
"531",32147,1,1,1,3972,3356,4498,881,4363,656,4277.66666666667,1631
"532",32150,0,0,1,NA,NA,NA,NA,57614,3666,57614,3666
"533",32152,0,1,0,NA,NA,6816,1642,NA,NA,6816,1642
"534",32153,1,0,0,14,11,NA,NA,NA,NA,14,11
"535",32156,1,1,0,1382,1121,1382,271,NA,NA,1382,696
"536",32157,0,0,1,NA,NA,NA,NA,39472,1940,39472,1940
"537",32159,1,0,0,3461,3225,NA,NA,NA,NA,3461,3225
"538",32162,1,0,0,1323,1066,NA,NA,NA,NA,1323,1066
"539",32167,1,0,1,24639,22007,NA,NA,32481,2075,28560,12041
"540",32169,1,0,0,241,192,NA,NA,NA,NA,241,192
"541",32172,1,0,0,6152,5082,NA,NA,NA,NA,6152,5082
"542",32173,1,0,0,3839,3139,NA,NA,NA,NA,3839,3139
"543",32175,1,0,0,1405,1137,NA,NA,NA,NA,1405,1137
"544",32179,1,1,0,304701,247162,329000,61092,NA,NA,316850.5,154127
"545",32181,1,0,0,1034,875,NA,NA,NA,NA,1034,875
"546",32186,0,0,0,NA,NA,NA,NA,15129,1107,15129,1107
"547",32190,0,0,1,NA,NA,NA,NA,10,2,10,2
"548",32195,0,0,1,NA,NA,NA,NA,2038,310,2038,310
"549",32196,0,0,1,NA,NA,NA,NA,32839,2139,32839,2139
"550",32199,1,0,1,6210,5333,NA,NA,11774,1629,8992,3481
"551",32200,0,0,1,NA,NA,NA,NA,2968,222,2968,222
"552",32203,0,1,0,NA,NA,6400,1162,NA,NA,6400,1162
"553",32204,1,0,0,1771,1726,NA,NA,NA,NA,1771,1726
"554",32209,0,0,1,NA,NA,NA,NA,77449,4079,77449,4079
"555",32211,1,0,0,883,693,NA,NA,NA,NA,883,693
"556",32213,1,1,1,176904,144045,197016,36286,210884,8494,194934.666666667,62941.6666666667
"557",32216,0,1,0,NA,NA,4843,946,NA,NA,4843,946
"558",32219,1,1,1,2300,2046,2360,727,2585,454,2415,1075.66666666667
"559",32221,1,0,0,1209,974,NA,NA,NA,NA,1209,974
"560",32223,1,1,0,1135,928,1135,203,NA,NA,1135,565.5
"561",32228,1,0,0,1933,2068,NA,NA,NA,NA,1933,2068
"562",32230,0,0,1,NA,NA,NA,NA,572,104,572,104
"563",32232,0,0,1,NA,NA,NA,NA,94007,5252,94007,5252
"564",32233,0,1,1,NA,NA,11225,2402,14017,1243,12621,1822.5
"565",32240,0,1,1,NA,NA,2267,441,1904,238,2085.5,339.5
"566",32243,0,0,0,NA,NA,NA,NA,20972,1297,20972,1297
"567",32247,1,0,0,1386,1111,NA,NA,NA,NA,1386,1111
"568",32248,1,0,0,3440,2783,NA,NA,NA,NA,3440,2783
"569",32256,0,0,1,NA,NA,NA,NA,4792,633,4792,633
"570",32260,0,1,0,NA,NA,2908,516,NA,NA,2908,516
"571",32261,1,0,0,2106,1704,NA,NA,NA,NA,2106,1704
"572",32262,0,0,1,NA,NA,NA,NA,43725,3270,43725,3270
"573",32264,0,0,1,NA,NA,NA,NA,10099,810,10099,810
"574",32266,0,1,0,NA,NA,4500,901,NA,NA,4500,901
"575",32269,1,1,0,2110,1734,2222,463,NA,NA,2166,1098.5
"576",32270,1,0,0,396,316,NA,NA,NA,NA,396,316
"577",32272,1,1,1,3308,2700,2940,618,8962,836,5070,1384.66666666667
"578",32276,1,1,0,1214,990,1215,214,NA,NA,1214.5,602
"579",32279,0,1,1,NA,NA,9573,1842,11936,656,10754.5,1249
"580",32286,0,1,0,NA,NA,5747,1295,NA,NA,5747,1295
"581",32289,1,0,0,2131,1661,NA,NA,NA,NA,2131,1661
"582",32290,1,0,0,755,623,NA,NA,NA,NA,755,623
"583",32295,0,0,0,NA,NA,NA,NA,2509,387,2509,387
"584",32296,0,0,1,NA,NA,NA,NA,30947,2099,30947,2099
"585",32300,0,0,1,NA,NA,NA,NA,12933,1116,12933,1116
"586",32308,1,1,1,3685,3010,4260,835,4365,460,4103.33333333333,1435
"587",32310,0,0,1,NA,NA,NA,NA,1425,257,1425,257
"588",32312,1,1,1,8734,7133,9191,1757,11459,902,9794.66666666667,3264
"589",32315,1,0,1,394,325,NA,NA,521,130,457.5,227.5
"590",32321,1,0,0,1556,1284,NA,NA,NA,NA,1556,1284
"591",32324,0,1,0,NA,NA,1438,324,NA,NA,1438,324
"592",32329,1,0,1,21802,19261,NA,NA,29318,2007,25560,10634
"593",32332,1,1,0,1039,853,1117,221,NA,NA,1078,537
"594",32333,1,0,0,1166,933,NA,NA,NA,NA,1166,933
"595",32337,1,1,1,3106,2862,3291,1080,5138,438,3845,1460
"596",32339,1,0,0,1940,1616,NA,NA,NA,NA,1940,1616
"597",32344,0,0,1,NA,NA,NA,NA,1119,243,1119,243
"598",32346,1,0,0,88938,72322,NA,NA,NA,NA,88938,72322
"599",32348,0,0,1,NA,NA,NA,NA,8446,937,8446,937
"600",32350,1,1,1,1173,1046,1173,308,605,131,983.666666666667,495
"601",32364,1,0,0,245,236,NA,NA,NA,NA,245,236
"602",32365,1,0,0,2793,2264,NA,NA,NA,NA,2793,2264
"603",32368,0,1,0,NA,NA,6234,1206,NA,NA,6234,1206
"604",32373,1,1,0,7118,5670,7118,1242,NA,NA,7118,3456
"605",32374,1,0,0,1212,997,NA,NA,NA,NA,1212,997
"606",32378,1,0,0,3154,2642,NA,NA,NA,NA,3154,2642
"607",32383,0,0,1,NA,NA,NA,NA,1838,310,1838,310
"608",32385,1,1,0,3807,3125,3812,769,NA,NA,3809.5,1947
"609",32387,1,1,0,645,521,645,110,NA,NA,645,315.5
"610",32390,0,0,1,NA,NA,NA,NA,9307,1232,9307,1232
"611",32393,0,0,1,NA,NA,NA,NA,2605,406,2605,406
"612",32398,1,0,0,1110,994,NA,NA,NA,NA,1110,994
"613",32400,1,0,0,2501,2094,NA,NA,NA,NA,2501,2094
"614",32404,1,0,0,3537,2990,NA,NA,NA,NA,3537,2990
"615",32409,0,0,1,NA,NA,NA,NA,14950,882,14950,882
"616",32413,0,1,0,NA,NA,20580,3717,NA,NA,20580,3717
"617",32420,0,0,1,NA,NA,NA,NA,32952,2484,32952,2484
"618",32423,1,0,0,1413,1156,NA,NA,NA,NA,1413,1156
"619",32428,1,0,0,981,805,NA,NA,NA,NA,981,805
"620",32430,1,1,0,4017,3239,4040,761,NA,NA,4028.5,2000
"621",32433,0,0,1,NA,NA,NA,NA,1891,307,1891,307
"622",32435,1,1,0,1076,893,1076,255,NA,NA,1076,574
"623",32438,1,0,0,455,358,NA,NA,NA,NA,455,358
"624",32441,0,1,1,NA,NA,15037,2544,14712,1093,14874.5,1818.5
"625",32443,0,0,0,NA,NA,NA,NA,14297,975,14297,975
"626",32444,0,0,1,NA,NA,NA,NA,12371,1064,12371,1064
"627",32448,1,1,0,1659,1343,2098,440,NA,NA,1878.5,891.5
"628",32452,0,0,0,NA,NA,NA,NA,8689,827,8689,827
"629",32455,0,1,1,NA,NA,4381,901,4286,313,4333.5,607
"630",32456,1,0,0,2559,2064,NA,NA,NA,NA,2559,2064
"631",32460,1,0,0,883,731,NA,NA,NA,NA,883,731
"632",32461,1,0,0,353,283,NA,NA,NA,NA,353,283
"633",32462,1,0,0,1334,1276,NA,NA,NA,NA,1334,1276
"634",32468,0,1,0,NA,NA,25506,4654,NA,NA,25506,4654
"635",32470,0,0,1,NA,NA,NA,NA,2966,351,2966,351
"636",32485,1,0,0,1306,1046,NA,NA,NA,NA,1306,1046
"637",32488,1,0,0,1152,969,NA,NA,NA,NA,1152,969
"638",32497,0,0,1,NA,NA,NA,NA,23007,1402,23007,1402
"639",32500,1,1,0,1806,1585,1823,527,NA,NA,1814.5,1056
"640",32504,1,0,0,2063,1682,NA,NA,NA,NA,2063,1682
"641",32506,1,0,0,419,338,NA,NA,NA,NA,419,338
"642",32513,1,1,1,1718,1451,2174,474,1756,349,1882.66666666667,758
"643",32521,1,1,0,17754,14461,20485,3934,NA,NA,19119.5,9197.5
"644",32527,1,0,0,457,385,NA,NA,NA,NA,457,385
"645",32533,1,1,0,3473,3400,3473,1543,NA,NA,3473,2471.5
"646",32538,0,0,1,NA,NA,NA,NA,9205,675,9205,675
"647",32541,1,0,1,615,492,NA,NA,1787,156,1201,324
"648",32542,1,0,0,1700,1353,NA,NA,NA,NA,1700,1353
"649",32546,1,0,0,2397,2013,NA,NA,NA,NA,2397,2013
"650",32548,1,0,0,483,389,NA,NA,NA,NA,483,389
"651",32551,1,1,0,27582,22239,29126,5315,NA,NA,28354,13777
"652",32556,1,0,0,566,579,NA,NA,NA,NA,566,579
"653",32575,1,0,0,6528,5298,NA,NA,NA,NA,6528,5298
"654",32582,0,0,1,NA,NA,NA,NA,135065,6408,135065,6408
"655",32585,0,1,1,NA,NA,933,145,5553,987,3243,566
"656",32592,1,1,0,1004,811,1080,187,NA,NA,1042,499
"657",32596,0,0,1,NA,NA,NA,NA,15741,1703,15741,1703
"658",32601,0,1,0,NA,NA,1166,185,NA,NA,1166,185
"659",32603,1,0,0,875,718,NA,NA,NA,NA,875,718
"660",32605,1,0,0,9725,7991,NA,NA,NA,NA,9725,7991
"661",32607,0,0,1,NA,NA,NA,NA,7978,740,7978,740
"662",32616,0,0,1,NA,NA,NA,NA,6959,991,6959,991
"663",32620,1,0,0,440,382,NA,NA,NA,NA,440,382
"664",32622,1,1,0,9348,7645,10316,1921,NA,NA,9832,4783
"665",32627,1,0,0,11370,9277,NA,NA,NA,NA,11370,9277
"666",32631,0,0,1,NA,NA,NA,NA,1822,203,1822,203
"667",32635,0,0,1,NA,NA,NA,NA,975,177,975,177
"668",32636,0,0,1,NA,NA,NA,NA,8608,846,8608,846
"669",32644,1,0,1,3637,2868,NA,NA,3494,461,3565.5,1664.5
"670",32646,0,0,0,NA,NA,NA,NA,764,140,764,140
"671",32647,1,0,1,3186,2915,NA,NA,3772,284,3479,1599.5
"672",32648,0,0,1,NA,NA,NA,NA,1648,358,1648,358
"673",32650,1,0,0,3157,2584,NA,NA,NA,NA,3157,2584
"674",32652,1,0,0,798,691,NA,NA,NA,NA,798,691
"675",32656,1,0,0,2301,1968,NA,NA,NA,NA,2301,1968
"676",32658,1,1,0,1432,1176,1646,347,NA,NA,1539,761.5
"677",32659,1,0,0,3651,3042,NA,NA,NA,NA,3651,3042
"678",32665,0,0,0,NA,NA,NA,NA,1919,343,1919,343
"679",32667,1,1,1,10491,8831,11809,2437,14924,1399,12408,4222.33333333333
"680",32669,1,0,0,1084,867,NA,NA,NA,NA,1084,867
"681",32690,1,0,0,1266,1025,NA,NA,NA,NA,1266,1025
"682",32696,1,0,0,2520,2072,NA,NA,NA,NA,2520,2072
"683",32702,1,1,0,1747,1409,1745,389,NA,NA,1746,899
"684",32708,1,1,0,5204,4579,5992,1668,NA,NA,5598,3123.5
"685",32710,0,0,1,NA,NA,NA,NA,27027,2066,27027,2066
"686",32711,1,0,0,477,423,NA,NA,NA,NA,477,423
"687",32717,1,0,0,2010,1855,NA,NA,NA,NA,2010,1855
"688",32728,1,0,1,4961,4051,NA,NA,4623,605,4792,2328
"689",32736,1,0,0,32860,27438,NA,NA,NA,NA,32860,27438
"690",32741,0,1,1,NA,NA,3091,994,4344,452,3717.5,723
"691",32742,1,0,0,3897,3084,NA,NA,NA,NA,3897,3084
"692",32746,0,0,0,NA,NA,NA,NA,4980,405,4980,405
"693",32747,1,0,0,817,677,NA,NA,NA,NA,817,677
"694",32749,1,1,1,2735,2242,2790,607,2615,360,2713.33333333333,1069.66666666667
"695",32770,1,0,0,567,533,NA,NA,NA,NA,567,533
"696",32771,1,1,0,3455,2969,3546,1031,NA,NA,3500.5,2000
"697",32773,0,0,1,NA,NA,NA,NA,5379,462,5379,462
"698",32777,1,1,0,1801,1492,1948,686,NA,NA,1874.5,1089
"699",32780,1,0,0,4320,3585,NA,NA,NA,NA,4320,3585
"700",32784,1,0,0,2179,1819,NA,NA,NA,NA,2179,1819
"701",32788,0,0,1,NA,NA,NA,NA,497,106,497,106
"702",32790,1,1,1,5340,4301,5409,1036,5399,454,5382.66666666667,1930.33333333333
"703",32795,1,0,0,1495,1230,NA,NA,NA,NA,1495,1230
"704",32801,0,0,1,NA,NA,NA,NA,4003,748,4003,748
"705",32808,1,0,1,47080,40616,NA,NA,51189,3303,49134.5,21959.5
"706",32817,1,0,0,1481,1217,NA,NA,NA,NA,1481,1217
"707",32828,1,0,0,2089,1776,NA,NA,NA,NA,2089,1776
"708",32830,0,0,1,NA,NA,NA,NA,6012,385,6012,385
"709",32834,1,0,1,28582,24118,NA,NA,30774,2635,29678,13376.5
"710",32837,1,1,0,6504,5486,7380,1626,NA,NA,6942,3556
"711",32839,0,0,1,NA,NA,NA,NA,44459,2020,44459,2020
"712",32841,1,0,0,2018,1642,NA,NA,NA,NA,2018,1642
"713",32847,1,1,0,1591,1301,1580,352,NA,NA,1585.5,826.5
"714",32851,1,0,0,826,666,NA,NA,NA,NA,826,666
"715",32859,0,0,1,NA,NA,NA,NA,22843,1856,22843,1856
"716",32863,1,0,0,1231,992,NA,NA,NA,NA,1231,992
"717",32865,0,0,1,NA,NA,NA,NA,7188,950,7188,950
"718",32866,1,0,0,1524,1145,NA,NA,NA,NA,1524,1145
"719",32868,1,0,0,16157,13104,NA,NA,NA,NA,16157,13104
"720",32874,0,0,1,NA,NA,NA,NA,111863,4736,111863,4736
"721",32882,1,0,0,3394,2815,NA,NA,NA,NA,3394,2815
"722",32891,1,1,0,5002,4036,5002,875,NA,NA,5002,2455.5
"723",32894,1,1,0,2856,2343,2875,610,NA,NA,2865.5,1476.5
"724",32896,1,0,0,448,380,NA,NA,NA,NA,448,380
"725",32898,1,0,0,1204,996,NA,NA,NA,NA,1204,996
"726",32900,1,0,1,3267,3361,NA,NA,3838,643,3552.5,2002
"727",32906,1,0,0,7825,6256,NA,NA,NA,NA,7825,6256
"728",32917,1,0,0,2356,2201,NA,NA,NA,NA,2356,2201
"729",32932,0,0,1,NA,NA,NA,NA,144,21,144,21
"730",32935,1,1,0,4323,3556,4533,1001,NA,NA,4428,2278.5
"731",32938,1,1,0,10887,8877,11505,2186,NA,NA,11196,5531.5
"732",32942,0,1,1,NA,NA,6024,1147,5701,435,5862.5,791
"733",32945,1,0,1,807,657,NA,NA,794,138,800.5,397.5
"734",32947,1,0,1,690,591,NA,NA,1117,175,903.5,383
"735",32948,0,0,0,NA,NA,NA,NA,4318,562,4318,562
"736",32950,1,1,0,197,160,197,97,NA,NA,197,128.5
"737",32951,1,0,1,6668,5534,NA,NA,8003,1011,7335.5,3272.5
"738",32962,0,1,0,NA,NA,1735,327,NA,NA,1735,327
"739",32970,1,0,0,36032,30785,NA,NA,NA,NA,36032,30785
"740",32973,1,0,0,3811,3121,NA,NA,NA,NA,3811,3121
"741",32980,0,0,1,NA,NA,NA,NA,2836,432,2836,432
"742",32985,1,0,0,1295,1110,NA,NA,NA,NA,1295,1110
"743",32987,0,0,1,NA,NA,NA,NA,10685,1239,10685,1239
"744",32990,0,0,1,NA,NA,NA,NA,906,103,906,103
"745",33000,0,1,0,NA,NA,17652,3596,NA,NA,17652,3596
"746",33005,1,0,0,794,701,NA,NA,NA,NA,794,701
"747",33006,0,0,0,NA,NA,NA,NA,830,186,830,186
"748",33011,1,0,0,1352,1107,NA,NA,NA,NA,1352,1107
"749",33017,0,0,0,NA,NA,NA,NA,6798,590,6798,590
"750",33025,0,1,0,NA,NA,1993,401,NA,NA,1993,401
"751",33027,1,0,0,1600,1333,NA,NA,NA,NA,1600,1333
"752",33035,1,0,0,1039,1001,NA,NA,NA,NA,1039,1001
"753",33045,1,1,0,4371,3519,4357,811,NA,NA,4364,2165
"754",33050,0,1,1,NA,NA,3914,994,7217,617,5565.5,805.5
"755",33063,0,1,0,NA,NA,45885,10513,NA,NA,45885,10513
"756",33068,1,0,0,953,786,NA,NA,NA,NA,953,786
"757",33070,1,0,0,1046,849,NA,NA,NA,NA,1046,849
"758",33071,1,1,1,11580,9401,12868,2676,12358,854,12268.6666666667,4310.33333333333
"759",33076,1,0,0,484,388,NA,NA,NA,NA,484,388
"760",33081,1,0,0,1445,1442,NA,NA,NA,NA,1445,1442
"761",33082,0,1,1,NA,NA,7056,1700,7400,866,7228,1283
"762",33084,1,0,0,4042,3244,NA,NA,NA,NA,4042,3244
"763",33096,1,0,0,861,761,NA,NA,NA,NA,861,761
"764",33102,1,1,1,789,639,789,136,789,135,789,303.333333333333
"765",33103,0,0,0,NA,NA,NA,NA,1982,273,1982,273
"766",33108,1,0,0,1145,1089,NA,NA,NA,NA,1145,1089
"767",33111,0,0,1,NA,NA,NA,NA,22241,1393,22241,1393
"768",33112,1,0,0,618,600,NA,NA,NA,NA,618,600
"769",33118,1,0,0,211,180,NA,NA,NA,NA,211,180
"770",33126,1,0,0,3174,2609,NA,NA,NA,NA,3174,2609
"771",33129,1,0,0,858,701,NA,NA,NA,NA,858,701
"772",33131,0,0,1,NA,NA,NA,NA,4222,516,4222,516
"773",33133,1,0,0,2346,1912,NA,NA,NA,NA,2346,1912
"774",33135,1,1,1,12675,10209,12674,2451,16152,1815,13833.6666666667,4825
"775",33140,1,0,1,15950,13707,NA,NA,18380,1521,17165,7614
"776",33154,1,0,1,10190,8783,NA,NA,14445,1026,12317.5,4904.5
"777",33160,1,0,1,19085,15392,NA,NA,20396,1599,19740.5,8495.5
"778",42079,0,0,1,NA,NA,NA,NA,9264,741,9264,741
"779",42082,1,0,0,337,276,NA,NA,NA,NA,337,276
"780",42084,1,0,0,1276,1060,NA,NA,NA,NA,1276,1060
"781",42091,1,0,0,7545,7020,NA,NA,NA,NA,7545,7020
"782",42095,1,0,0,3919,3293,NA,NA,NA,NA,3919,3293
"783",42100,1,0,0,1611,1562,NA,NA,NA,NA,1611,1562
"784",42110,1,0,0,2771,2549,NA,NA,NA,NA,2771,2549
"785",42114,1,0,1,3084,2500,NA,NA,2432,292,2758,1396
"786",42115,0,0,1,NA,NA,NA,NA,35699,2114,35699,2114
"787",42127,0,0,1,NA,NA,NA,NA,16165,1322,16165,1322
"788",42128,1,0,0,390,426,NA,NA,NA,NA,390,426
"789",42132,1,0,0,1076,979,NA,NA,NA,NA,1076,979
"790",42133,1,0,0,250,197,NA,NA,NA,NA,250,197
"791",42135,1,0,1,272,228,NA,NA,310,68,291,148
"792",42136,1,0,0,490,380,NA,NA,NA,NA,490,380
"793",42137,0,1,1,NA,NA,110979,22058,110204,5251,110591.5,13654.5
"794",42143,0,0,1,NA,NA,NA,NA,6462,421,6462,421
"795",42147,1,1,1,3972,3356,4498,881,4363,656,4277.66666666667,1631
"796",42150,0,0,1,NA,NA,NA,NA,57614,3666,57614,3666
"797",42152,0,1,0,NA,NA,6816,1642,NA,NA,6816,1642
"798",42153,1,0,0,14,11,NA,NA,NA,NA,14,11
"799",42156,1,1,0,1382,1121,1382,271,NA,NA,1382,696
"800",42157,0,0,1,NA,NA,NA,NA,39472,1940,39472,1940
"801",42159,1,0,0,3461,3225,NA,NA,NA,NA,3461,3225
"802",42162,1,0,0,1323,1066,NA,NA,NA,NA,1323,1066
"803",42167,1,0,1,24639,22007,NA,NA,32481,2075,28560,12041
"804",42169,1,0,0,241,192,NA,NA,NA,NA,241,192
"805",42172,1,0,0,6152,5082,NA,NA,NA,NA,6152,5082
"806",42173,1,0,0,3839,3139,NA,NA,NA,NA,3839,3139
"807",42175,1,0,0,1405,1137,NA,NA,NA,NA,1405,1137
"808",42179,1,1,0,304701,247162,329000,61092,NA,NA,316850.5,154127
"809",42181,1,0,0,1034,875,NA,NA,NA,NA,1034,875
"810",42186,0,0,0,NA,NA,NA,NA,15129,1107,15129,1107
"811",42190,0,0,1,NA,NA,NA,NA,10,2,10,2
"812",42195,0,0,1,NA,NA,NA,NA,2038,310,2038,310
"813",42196,0,0,1,NA,NA,NA,NA,32839,2139,32839,2139
"814",42199,1,0,1,6210,5333,NA,NA,11774,1629,8992,3481
"815",42200,0,0,1,NA,NA,NA,NA,2968,222,2968,222
"816",42203,0,1,0,NA,NA,6400,1162,NA,NA,6400,1162
"817",42204,1,0,0,1771,1726,NA,NA,NA,NA,1771,1726
"818",42209,0,0,1,NA,NA,NA,NA,77449,4079,77449,4079
"819",42211,1,0,0,883,693,NA,NA,NA,NA,883,693
"820",42213,1,1,1,176904,144045,197016,36286,210884,8494,194934.666666667,62941.6666666667
"821",42216,0,1,0,NA,NA,4843,946,NA,NA,4843,946
"822",42219,1,1,1,2300,2046,2360,727,2585,454,2415,1075.66666666667
"823",42221,1,0,0,1209,974,NA,NA,NA,NA,1209,974
"824",42223,1,1,0,1135,928,1135,203,NA,NA,1135,565.5
"825",42228,1,0,0,1933,2068,NA,NA,NA,NA,1933,2068
"826",42230,0,0,1,NA,NA,NA,NA,572,104,572,104
"827",42232,0,0,1,NA,NA,NA,NA,94007,5252,94007,5252
"828",42233,0,1,1,NA,NA,11225,2402,14017,1243,12621,1822.5
"829",42240,0,1,1,NA,NA,2267,441,1904,238,2085.5,339.5
"830",42243,0,0,0,NA,NA,NA,NA,20972,1297,20972,1297
"831",42247,1,0,0,1386,1111,NA,NA,NA,NA,1386,1111
"832",42248,1,0,0,3440,2783,NA,NA,NA,NA,3440,2783
"833",42256,0,0,1,NA,NA,NA,NA,4792,633,4792,633
"834",42260,0,1,0,NA,NA,2908,516,NA,NA,2908,516
"835",42261,1,0,0,2106,1704,NA,NA,NA,NA,2106,1704
"836",42262,0,0,1,NA,NA,NA,NA,43725,3270,43725,3270
"837",42264,0,0,1,NA,NA,NA,NA,10099,810,10099,810
"838",42266,0,1,0,NA,NA,4500,901,NA,NA,4500,901
"839",42269,1,1,0,2110,1734,2222,463,NA,NA,2166,1098.5
"840",42270,1,0,0,396,316,NA,NA,NA,NA,396,316
"841",42272,1,1,1,3308,2700,2940,618,8962,836,5070,1384.66666666667
"842",42276,1,1,0,1214,990,1215,214,NA,NA,1214.5,602
"843",42279,0,1,1,NA,NA,9573,1842,11936,656,10754.5,1249
"844",42286,0,1,0,NA,NA,5747,1295,NA,NA,5747,1295
"845",42289,1,0,0,2131,1661,NA,NA,NA,NA,2131,1661
"846",42290,1,0,0,755,623,NA,NA,NA,NA,755,623
"847",42295,0,0,0,NA,NA,NA,NA,2509,387,2509,387
"848",42296,0,0,1,NA,NA,NA,NA,30947,2099,30947,2099
"849",42300,0,0,1,NA,NA,NA,NA,12933,1116,12933,1116
"850",42308,1,1,1,3685,3010,4260,835,4365,460,4103.33333333333,1435
"851",42310,0,0,1,NA,NA,NA,NA,1425,257,1425,257
"852",42312,1,1,1,8734,7133,9191,1757,11459,902,9794.66666666667,3264
"853",42315,1,0,1,394,325,NA,NA,521,130,457.5,227.5
"854",42321,1,0,0,1556,1284,NA,NA,NA,NA,1556,1284
"855",42324,0,1,0,NA,NA,1438,324,NA,NA,1438,324
"856",42329,1,0,1,21802,19261,NA,NA,29318,2007,25560,10634
"857",42332,1,1,0,1039,853,1117,221,NA,NA,1078,537
"858",42333,1,0,0,1166,933,NA,NA,NA,NA,1166,933
"859",42337,1,1,1,3106,2862,3291,1080,5138,438,3845,1460
"860",42339,1,0,0,1940,1616,NA,NA,NA,NA,1940,1616
"861",42344,0,0,1,NA,NA,NA,NA,1119,243,1119,243
"862",42346,1,0,0,88938,72322,NA,NA,NA,NA,88938,72322
"863",42348,0,0,1,NA,NA,NA,NA,8446,937,8446,937
"864",42350,1,1,1,1173,1046,1173,308,605,131,983.666666666667,495
"865",42364,1,0,0,245,236,NA,NA,NA,NA,245,236
"866",42365,1,0,0,2793,2264,NA,NA,NA,NA,2793,2264
"867",42368,0,1,0,NA,NA,6234,1206,NA,NA,6234,1206
"868",42373,1,1,0,7118,5670,7118,1242,NA,NA,7118,3456
"869",42374,1,0,0,1212,997,NA,NA,NA,NA,1212,997
"870",42378,1,0,0,3154,2642,NA,NA,NA,NA,3154,2642
"871",42383,0,0,1,NA,NA,NA,NA,1838,310,1838,310
"872",42385,1,1,0,3807,3125,3812,769,NA,NA,3809.5,1947
"873",42387,1,1,0,645,521,645,110,NA,NA,645,315.5
"874",42390,0,0,1,NA,NA,NA,NA,9307,1232,9307,1232
"875",42393,0,0,1,NA,NA,NA,NA,2605,406,2605,406
"876",42398,1,0,0,1110,994,NA,NA,NA,NA,1110,994
"877",42400,1,0,0,2501,2094,NA,NA,NA,NA,2501,2094
"878",42404,1,0,0,3537,2990,NA,NA,NA,NA,3537,2990
"879",42409,0,0,1,NA,NA,NA,NA,14950,882,14950,882
"880",42413,0,1,0,NA,NA,20580,3717,NA,NA,20580,3717
"881",42420,0,0,1,NA,NA,NA,NA,32952,2484,32952,2484
"882",42423,1,0,0,1413,1156,NA,NA,NA,NA,1413,1156
"883",42428,1,0,0,981,805,NA,NA,NA,NA,981,805
"884",42430,1,1,0,4017,3239,4040,761,NA,NA,4028.5,2000
"885",42433,0,0,1,NA,NA,NA,NA,1891,307,1891,307
"886",42435,1,1,0,1076,893,1076,255,NA,NA,1076,574
"887",42438,1,0,0,455,358,NA,NA,NA,NA,455,358
"888",42441,0,1,1,NA,NA,15037,2544,14712,1093,14874.5,1818.5
"889",42443,0,0,0,NA,NA,NA,NA,14297,975,14297,975
"890",42444,0,0,1,NA,NA,NA,NA,12371,1064,12371,1064
"891",42448,1,1,0,1659,1343,2098,440,NA,NA,1878.5,891.5
"892",42452,0,0,0,NA,NA,NA,NA,8689,827,8689,827
"893",42455,0,1,1,NA,NA,4381,901,4286,313,4333.5,607
"894",42456,1,0,0,2559,2064,NA,NA,NA,NA,2559,2064
"895",42460,1,0,0,883,731,NA,NA,NA,NA,883,731
"896",42461,1,0,0,353,283,NA,NA,NA,NA,353,283
"897",42462,1,0,0,1334,1276,NA,NA,NA,NA,1334,1276
"898",42468,0,1,0,NA,NA,25506,4654,NA,NA,25506,4654
"899",42470,0,0,1,NA,NA,NA,NA,2966,351,2966,351
"900",42485,1,0,0,1306,1046,NA,NA,NA,NA,1306,1046
"901",42488,1,0,0,1152,969,NA,NA,NA,NA,1152,969
"902",42497,0,0,1,NA,NA,NA,NA,23007,1402,23007,1402
"903",42500,1,1,0,1806,1585,1823,527,NA,NA,1814.5,1056
"904",42504,1,0,0,2063,1682,NA,NA,NA,NA,2063,1682
"905",42506,1,0,0,419,338,NA,NA,NA,NA,419,338
"906",42513,1,1,1,1718,1451,2174,474,1756,349,1882.66666666667,758
"907",42521,1,1,0,17754,14461,20485,3934,NA,NA,19119.5,9197.5
"908",42527,1,0,0,457,385,NA,NA,NA,NA,457,385
"909",42533,1,1,0,3473,3400,3473,1543,NA,NA,3473,2471.5
"910",42538,0,0,1,NA,NA,NA,NA,9205,675,9205,675
"911",42541,1,0,1,615,492,NA,NA,1787,156,1201,324
"912",42542,1,0,0,1700,1353,NA,NA,NA,NA,1700,1353
"913",42546,1,0,0,2397,2013,NA,NA,NA,NA,2397,2013
"914",42548,1,0,0,483,389,NA,NA,NA,NA,483,389
"915",42551,1,1,0,27582,22239,29126,5315,NA,NA,28354,13777
"916",42556,1,0,0,566,579,NA,NA,NA,NA,566,579
"917",42575,1,0,0,6528,5298,NA,NA,NA,NA,6528,5298
"918",42582,0,0,1,NA,NA,NA,NA,135065,6408,135065,6408
"919",42585,0,1,1,NA,NA,933,145,5553,987,3243,566
"920",42592,1,1,0,1004,811,1080,187,NA,NA,1042,499
"921",42596,0,0,1,NA,NA,NA,NA,15741,1703,15741,1703
"922",42601,0,1,0,NA,NA,1166,185,NA,NA,1166,185
"923",42603,1,0,0,875,718,NA,NA,NA,NA,875,718
"924",42605,1,0,0,9725,7991,NA,NA,NA,NA,9725,7991
"925",42607,0,0,1,NA,NA,NA,NA,7978,740,7978,740
"926",42616,0,0,1,NA,NA,NA,NA,6959,991,6959,991
"927",42620,1,0,0,440,382,NA,NA,NA,NA,440,382
"928",42622,1,1,0,9348,7645,10316,1921,NA,NA,9832,4783
"929",42627,1,0,0,11370,9277,NA,NA,NA,NA,11370,9277
"930",42631,0,0,1,NA,NA,NA,NA,1822,203,1822,203
"931",42635,0,0,1,NA,NA,NA,NA,975,177,975,177
"932",42636,0,0,1,NA,NA,NA,NA,8608,846,8608,846
"933",42644,1,0,1,3637,2868,NA,NA,3494,461,3565.5,1664.5
"934",42646,0,0,0,NA,NA,NA,NA,764,140,764,140
"935",42647,1,0,1,3186,2915,NA,NA,3772,284,3479,1599.5
"936",42648,0,0,1,NA,NA,NA,NA,1648,358,1648,358
"937",42650,1,0,0,3157,2584,NA,NA,NA,NA,3157,2584
"938",42652,1,0,0,798,691,NA,NA,NA,NA,798,691
"939",42656,1,0,0,2301,1968,NA,NA,NA,NA,2301,1968
"940",42658,1,1,0,1432,1176,1646,347,NA,NA,1539,761.5
"941",42659,1,0,0,3651,3042,NA,NA,NA,NA,3651,3042
"942",42665,0,0,0,NA,NA,NA,NA,1919,343,1919,343
"943",42667,1,1,1,10491,8831,11809,2437,14924,1399,12408,4222.33333333333
"944",42669,1,0,0,1084,867,NA,NA,NA,NA,1084,867
"945",42690,1,0,0,1266,1025,NA,NA,NA,NA,1266,1025
"946",42696,1,0,0,2520,2072,NA,NA,NA,NA,2520,2072
"947",42702,1,1,0,1747,1409,1745,389,NA,NA,1746,899
"948",42708,1,1,0,5204,4579,5992,1668,NA,NA,5598,3123.5
"949",42710,0,0,1,NA,NA,NA,NA,27027,2066,27027,2066
"950",42711,1,0,0,477,423,NA,NA,NA,NA,477,423
"951",42717,1,0,0,2010,1855,NA,NA,NA,NA,2010,1855
"952",42728,1,0,1,4961,4051,NA,NA,4623,605,4792,2328
"953",42736,1,0,0,32860,27438,NA,NA,NA,NA,32860,27438
"954",42741,0,1,1,NA,NA,3091,994,4344,452,3717.5,723
"955",42742,1,0,0,3897,3084,NA,NA,NA,NA,3897,3084
"956",42746,0,0,0,NA,NA,NA,NA,4980,405,4980,405
"957",42747,1,0,0,817,677,NA,NA,NA,NA,817,677
"958",42749,1,1,1,2735,2242,2790,607,2615,360,2713.33333333333,1069.66666666667
"959",42770,1,0,0,567,533,NA,NA,NA,NA,567,533
"960",42771,1,1,0,3455,2969,3546,1031,NA,NA,3500.5,2000
"961",42773,0,0,1,NA,NA,NA,NA,5379,462,5379,462
"962",42777,1,1,0,1801,1492,1948,686,NA,NA,1874.5,1089
"963",42780,1,0,0,4320,3585,NA,NA,NA,NA,4320,3585
"964",42784,1,0,0,2179,1819,NA,NA,NA,NA,2179,1819
"965",42788,0,0,1,NA,NA,NA,NA,497,106,497,106
"966",42790,1,1,1,5340,4301,5409,1036,5399,454,5382.66666666667,1930.33333333333
"967",42795,1,0,0,1495,1230,NA,NA,NA,NA,1495,1230
"968",42801,0,0,1,NA,NA,NA,NA,4003,748,4003,748
"969",42808,1,0,1,47080,40616,NA,NA,51189,3303,49134.5,21959.5
"970",42817,1,0,0,1481,1217,NA,NA,NA,NA,1481,1217
"971",42828,1,0,0,2089,1776,NA,NA,NA,NA,2089,1776
"972",42830,0,0,1,NA,NA,NA,NA,6012,385,6012,385
"973",42834,1,0,1,28582,24118,NA,NA,30774,2635,29678,13376.5
"974",42837,1,1,0,6504,5486,7380,1626,NA,NA,6942,3556
"975",42839,0,0,1,NA,NA,NA,NA,44459,2020,44459,2020
"976",42841,1,0,0,2018,1642,NA,NA,NA,NA,2018,1642
"977",42847,1,1,0,1591,1301,1580,352,NA,NA,1585.5,826.5
"978",42851,1,0,0,826,666,NA,NA,NA,NA,826,666
"979",42859,0,0,1,NA,NA,NA,NA,22843,1856,22843,1856
"980",42863,1,0,0,1231,992,NA,NA,NA,NA,1231,992
"981",42865,0,0,1,NA,NA,NA,NA,7188,950,7188,950
"982",42866,1,0,0,1524,1145,NA,NA,NA,NA,1524,1145
"983",42868,1,0,0,16157,13104,NA,NA,NA,NA,16157,13104
"984",42874,0,0,1,NA,NA,NA,NA,111863,4736,111863,4736
"985",42882,1,0,0,3394,2815,NA,NA,NA,NA,3394,2815
"986",42891,1,1,0,5002,4036,5002,875,NA,NA,5002,2455.5
"987",42894,1,1,0,2856,2343,2875,610,NA,NA,2865.5,1476.5
"988",42896,1,0,0,448,380,NA,NA,NA,NA,448,380
"989",42898,1,0,0,1204,996,NA,NA,NA,NA,1204,996
"990",42900,1,0,1,3267,3361,NA,NA,3838,643,3552.5,2002
"991",42906,1,0,0,7825,6256,NA,NA,NA,NA,7825,6256
"992",42917,1,0,0,2356,2201,NA,NA,NA,NA,2356,2201
"993",42932,0,0,1,NA,NA,NA,NA,144,21,144,21
"994",42935,1,1,0,4323,3556,4533,1001,NA,NA,4428,2278.5
"995",42938,1,1,0,10887,8877,11505,2186,NA,NA,11196,5531.5
"996",42942,0,1,1,NA,NA,6024,1147,5701,435,5862.5,791
"997",42945,1,0,1,807,657,NA,NA,794,138,800.5,397.5
"998",42947,1,0,1,690,591,NA,NA,1117,175,903.5,383
"999",42948,0,0,0,NA,NA,NA,NA,4318,562,4318,562
"1000",42950,1,1,0,197,160,197,97,NA,NA,197,128.5
"1001",42951,1,0,1,6668,5534,NA,NA,8003,1011,7335.5,3272.5
"1002",42962,0,1,0,NA,NA,1735,327,NA,NA,1735,327
"1003",42970,1,0,0,36032,30785,NA,NA,NA,NA,36032,30785
"1004",42973,1,0,0,3811,3121,NA,NA,NA,NA,3811,3121
"1005",42980,0,0,1,NA,NA,NA,NA,2836,432,2836,432
"1006",42985,1,0,0,1295,1110,NA,NA,NA,NA,1295,1110
"1007",42987,0,0,1,NA,NA,NA,NA,10685,1239,10685,1239
"1008",42990,0,0,1,NA,NA,NA,NA,906,103,906,103
"1009",43000,0,1,0,NA,NA,17652,3596,NA,NA,17652,3596
"1010",43005,1,0,0,794,701,NA,NA,NA,NA,794,701
"1011",43006,0,0,0,NA,NA,NA,NA,830,186,830,186
"1012",43011,1,0,0,1352,1107,NA,NA,NA,NA,1352,1107
"1013",43017,0,0,0,NA,NA,NA,NA,6798,590,6798,590
"1014",43025,0,1,0,NA,NA,1993,401,NA,NA,1993,401
"1015",43027,1,0,0,1600,1333,NA,NA,NA,NA,1600,1333
"1016",43035,1,0,0,1039,1001,NA,NA,NA,NA,1039,1001
"1017",43045,1,1,0,4371,3519,4357,811,NA,NA,4364,2165
"1018",43050,0,1,1,NA,NA,3914,994,7217,617,5565.5,805.5
"1019",43063,0,1,0,NA,NA,45885,10513,NA,NA,45885,10513
"1020",43068,1,0,0,953,786,NA,NA,NA,NA,953,786
"1021",43070,1,0,0,1046,849,NA,NA,NA,NA,1046,849
"1022",43071,1,1,1,11580,9401,12868,2676,12358,854,12268.6666666667,4310.33333333333
"1023",43076,1,0,0,484,388,NA,NA,NA,NA,484,388
"1024",43081,1,0,0,1445,1442,NA,NA,NA,NA,1445,1442
"1025",43082,0,1,1,NA,NA,7056,1700,7400,866,7228,1283
"1026",43084,1,0,0,4042,3244,NA,NA,NA,NA,4042,3244
"1027",43096,1,0,0,861,761,NA,NA,NA,NA,861,761
"1028",43102,1,1,1,789,639,789,136,789,135,789,303.333333333333
"1029",43103,0,0,0,NA,NA,NA,NA,1982,273,1982,273
"1030",43108,1,0,0,1145,1089,NA,NA,NA,NA,1145,1089
"1031",43111,0,0,1,NA,NA,NA,NA,22241,1393,22241,1393
"1032",43112,1,0,0,618,600,NA,NA,NA,NA,618,600
"1033",43118,1,0,0,211,180,NA,NA,NA,NA,211,180
"1034",43126,1,0,0,3174,2609,NA,NA,NA,NA,3174,2609
"1035",43129,1,0,0,858,701,NA,NA,NA,NA,858,701
"1036",43131,0,0,1,NA,NA,NA,NA,4222,516,4222,516
"1037",43133,1,0,0,2346,1912,NA,NA,NA,NA,2346,1912
"1038",43135,1,1,1,12675,10209,12674,2451,16152,1815,13833.6666666667,4825
"1039",43140,1,0,1,15950,13707,NA,NA,18380,1521,17165,7614
"1040",43154,1,0,1,10190,8783,NA,NA,14445,1026,12317.5,4904.5
"1041",43160,1,0,1,19085,15392,NA,NA,20396,1599,19740.5,8495.5
"1042",53168,1,0,0,4947,4073,NA,NA,NA,NA,4947,4073
"1043",53169,1,0,0,14411,11466,NA,NA,NA,NA,14411,11466
"1044",53172,0,1,1,NA,NA,7253,1413,6727,848,6990,1130.5
"1045",53173,1,0,1,4585,3982,NA,NA,5289,486,4937,2234
"1046",53177,1,0,1,511,440,NA,NA,462,84,486.5,262
"1047",53179,0,1,1,NA,NA,3999,741,3993,545,3996,643
"1048",53182,0,0,1,NA,NA,NA,NA,4345,553,4345,553
"1049",53186,1,0,0,1666,1355,NA,NA,NA,NA,1666,1355
"1050",53189,0,0,1,NA,NA,NA,NA,15438,891,15438,891
"1051",53194,1,0,0,5890,5023,NA,NA,NA,NA,5890,5023
"1052",53195,0,0,1,NA,NA,NA,NA,119565,5326,119565,5326
"1053",53197,1,0,0,3357,3020,NA,NA,NA,NA,3357,3020
"1054",53198,0,1,0,NA,NA,3551,704,NA,NA,3551,704
"1055",53202,0,1,0,NA,NA,2058,440,NA,NA,2058,440
"1056",53206,1,0,0,930,838,NA,NA,NA,NA,930,838
"1057",53209,1,1,0,860,703,872,209,NA,NA,866,456
"1058",53210,1,1,0,362126,292567,392326,72114,NA,NA,377226,182340.5
"1059",53212,1,0,1,7226,5458,NA,NA,8289,717,7757.5,3087.5
"1060",53213,0,0,1,NA,NA,NA,NA,38201,1912,38201,1912
"1061",53217,1,0,0,645,523,NA,NA,NA,NA,645,523
"1062",53219,1,0,0,16993,14127,NA,NA,NA,NA,16993,14127
"1063",53220,0,0,1,NA,NA,NA,NA,15615,1373,15615,1373
"1064",53222,0,0,1,NA,NA,NA,NA,109,32,109,32
"1065",53223,0,0,0,NA,NA,NA,NA,2403,447,2403,447
"1066",53226,1,0,0,472,358,NA,NA,NA,NA,472,358
"1067",53228,0,0,1,NA,NA,NA,NA,6377,500,6377,500
"1068",53229,0,0,1,NA,NA,NA,NA,1937,243,1937,243
"1069",53230,1,0,0,733,618,NA,NA,NA,NA,733,618
"1070",53233,0,0,1,NA,NA,NA,NA,2029,172,2029,172
"1071",53241,0,1,1,NA,NA,2199,442,3305,416,2752,429
"1072",53245,0,1,1,NA,NA,44384,10597,49880,3068,47132,6832.5
"1073",53246,0,1,1,NA,NA,3248,623,3801,698,3524.5,660.5
"1074",53252,1,0,0,2291,1872,NA,NA,NA,NA,2291,1872
"1075",53260,0,0,1,NA,NA,NA,NA,12805,1480,12805,1480
"1076",53266,1,0,0,4371,3539,NA,NA,NA,NA,4371,3539
"1077",53272,0,0,1,NA,NA,NA,NA,14817,1177,14817,1177
"1078",53276,0,0,0,NA,NA,NA,NA,2285,440,2285,440
"1079",53278,1,0,0,2113,1840,NA,NA,NA,NA,2113,1840
"1080",53283,0,0,1,NA,NA,NA,NA,6376,833,6376,833
"1081",53286,1,0,0,1266,1106,NA,NA,NA,NA,1266,1106
"1082",53290,1,0,0,591,451,NA,NA,NA,NA,591,451
"1083",53291,1,0,0,2648,2128,NA,NA,NA,NA,2648,2128
"1084",53308,0,0,1,NA,NA,NA,NA,332631,12826,332631,12826
"1085",53309,1,0,0,850,746,NA,NA,NA,NA,850,746
"1086",53313,1,0,0,8076,7108,NA,NA,NA,NA,8076,7108
"1087",53321,1,0,0,1106,1064,NA,NA,NA,NA,1106,1064
"1088",53325,1,1,0,4748,3877,5884,1196,NA,NA,5316,2536.5
"1089",53326,0,0,1,NA,NA,NA,NA,36692,2279,36692,2279
"1090",53327,1,0,0,728,638,NA,NA,NA,NA,728,638
"1091",53331,1,1,1,2707,2222,3091,566,4092,300,3296.66666666667,1029.33333333333
"1092",53333,0,1,0,NA,NA,2544,483,NA,NA,2544,483
"1093",53334,1,0,0,2354,2870,NA,NA,NA,NA,2354,2870
"1094",53336,1,0,0,1821,1570,NA,NA,NA,NA,1821,1570
"1095",53341,1,0,0,19823,15975,NA,NA,NA,NA,19823,15975
"1096",53344,0,1,1,NA,NA,3430,837,10805,1234,7117.5,1035.5
"1097",53346,0,0,1,NA,NA,NA,NA,13518,1049,13518,1049
"1098",53351,1,0,0,1032,866,NA,NA,NA,NA,1032,866
"1099",53354,0,0,0,NA,NA,NA,NA,516590,20392,516590,20392
"1100",53355,1,0,0,1232,1046,NA,NA,NA,NA,1232,1046
"1101",53363,0,0,0,NA,NA,NA,NA,11526,1242,11526,1242
"1102",53368,1,0,0,448,346,NA,NA,NA,NA,448,346
"1103",53372,0,0,0,NA,NA,NA,NA,517034,19414,517034,19414
"1104",53373,0,1,0,NA,NA,11222,2420,NA,NA,11222,2420
"1105",53377,1,0,0,78766,65588,NA,NA,NA,NA,78766,65588
"1106",53380,1,0,0,4347,3610,NA,NA,NA,NA,4347,3610
"1107",53381,0,0,1,NA,NA,NA,NA,57960,3336,57960,3336
"1108",53385,1,1,1,839,711,1035,253,979,249,951,404.333333333333
"1109",53388,1,0,0,5108,4186,NA,NA,NA,NA,5108,4186
"1110",53392,1,1,0,3703,2998,4728,980,NA,NA,4215.5,1989
"1111",53396,1,0,0,2061,1706,NA,NA,NA,NA,2061,1706
"1112",53400,1,0,0,1137,951,NA,NA,NA,NA,1137,951
"1113",53401,0,0,1,NA,NA,NA,NA,12499,964,12499,964
"1114",53405,0,1,0,NA,NA,6625,1481,NA,NA,6625,1481
"1115",53406,0,0,0,NA,NA,NA,NA,5114,469,5114,469
"1116",53409,0,0,0,NA,NA,NA,NA,83713,3776,83713,3776
"1117",53412,1,1,0,5011,4046,5008,908,NA,NA,5009.5,2477
"1118",53413,1,0,0,2335,1892,NA,NA,NA,NA,2335,1892
"1119",53415,0,0,1,NA,NA,NA,NA,4033,485,4033,485
"1120",53416,0,0,1,NA,NA,NA,NA,7665,1209,7665,1209
"1121",53427,1,0,1,1337,1075,NA,NA,1985,435,1661,755
"1122",53434,0,0,1,NA,NA,NA,NA,29142,2382,29142,2382
"1123",53440,1,1,0,1108,929,1108,240,NA,NA,1108,584.5
"1124",53447,1,0,0,971,786,NA,NA,NA,NA,971,786
"1125",53451,0,0,1,NA,NA,NA,NA,3129,550,3129,550
"1126",53453,1,0,0,2692,2192,NA,NA,NA,NA,2692,2192
"1127",53456,1,0,1,16728,13628,NA,NA,21737,1435,19232.5,7531.5
"1128",53462,1,0,0,2236,1963,NA,NA,NA,NA,2236,1963
"1129",53466,1,0,0,2251,2252,NA,NA,NA,NA,2251,2252
"1130",53469,0,1,0,NA,NA,3180,626,NA,NA,3180,626
"1131",53471,1,0,0,1336,1108,NA,NA,NA,NA,1336,1108
"1132",53476,1,1,1,1312,1101,1312,298,1490,175,1371.33333333333,524.666666666667
"1133",53478,1,0,0,1032,854,NA,NA,NA,NA,1032,854
"1134",53484,1,1,0,4009,3658,4877,1403,NA,NA,4443,2530.5
"1135",53485,0,0,1,NA,NA,NA,NA,4445,392,4445,392
"1136",53488,1,0,1,1871,1541,NA,NA,2461,344,2166,942.5
"1137",53493,1,0,1,2930,2449,NA,NA,3061,397,2995.5,1423
"1138",53494,1,0,0,915,782,NA,NA,NA,NA,915,782
"1139",53499,1,0,0,4227,3551,NA,NA,NA,NA,4227,3551
"1140",53501,0,0,1,NA,NA,NA,NA,255,46,255,46
"1141",53506,0,0,0,NA,NA,NA,NA,30900,2959,30900,2959
"1142",53514,1,0,1,3973,3275,NA,NA,4414,760,4193.5,2017.5
"1143",53515,1,0,0,847,714,NA,NA,NA,NA,847,714
"1144",53516,1,1,0,1504,1319,1504,356,NA,NA,1504,837.5
"1145",53521,0,0,0,NA,NA,NA,NA,3080,548,3080,548
"1146",53522,1,1,0,3692,3056,3696,829,NA,NA,3694,1942.5
"1147",53527,0,0,0,NA,NA,NA,NA,3470,450,3470,450
"1148",53528,1,0,0,10112,8194,NA,NA,NA,NA,10112,8194
"1149",53529,0,0,1,NA,NA,NA,NA,18987,1150,18987,1150
"1150",53534,1,0,0,1718,1403,NA,NA,NA,NA,1718,1403
"1151",53542,1,1,1,4023,3585,4767,1263,5884,870,4891.33333333333,1906
"1152",53552,0,0,1,NA,NA,NA,NA,9235,1699,9235,1699
"1153",53553,1,0,0,1493,1239,NA,NA,NA,NA,1493,1239
"1154",53565,1,0,0,2363,1900,NA,NA,NA,NA,2363,1900
"1155",53567,1,0,0,1345,1013,NA,NA,NA,NA,1345,1013
"1156",53570,0,0,1,NA,NA,NA,NA,12182,780,12182,780
"1157",53571,1,0,1,6132,5204,NA,NA,6479,782,6305.5,2993
"1158",53577,1,1,0,2302,1851,2295,418,NA,NA,2298.5,1134.5
"1159",53581,0,0,1,NA,NA,NA,NA,17719,1337,17719,1337
"1160",53586,1,1,0,526,423,526,90,NA,NA,526,256.5
"1161",53596,0,1,0,NA,NA,7873,1487,NA,NA,7873,1487
"1162",53598,1,0,0,1456,1253,NA,NA,NA,NA,1456,1253
"1163",53604,1,0,0,1480,1327,NA,NA,NA,NA,1480,1327
"1164",53606,1,0,0,27608,23204,NA,NA,NA,NA,27608,23204
"1165",53616,0,1,1,NA,NA,102080,19158,-1,-1,51039.5,9578.5
"1166",53617,1,0,0,1245,1168,NA,NA,NA,NA,1245,1168
"1167",53620,1,0,0,482,393,NA,NA,NA,NA,482,393
"1168",53621,1,0,0,3420,2874,NA,NA,NA,NA,3420,2874
"1169",53622,1,0,0,1104,895,NA,NA,NA,NA,1104,895
"1170",53624,1,1,0,3927,3151,3927,726,NA,NA,3927,1938.5
"1171",53625,1,0,0,829,689,NA,NA,NA,NA,829,689
"1172",53629,1,0,0,1800,1474,NA,NA,NA,NA,1800,1474
"1173",53636,0,0,1,NA,NA,NA,NA,35446,1981,35446,1981
"1174",53640,0,0,0,NA,NA,NA,NA,5665,826,5665,826
"1175",53642,0,0,1,NA,NA,NA,NA,2320,337,2320,337
"1176",53653,1,0,0,4272,3784,NA,NA,NA,NA,4272,3784
"1177",53654,0,0,1,NA,NA,NA,NA,5455,499,5455,499
"1178",53656,1,1,1,5015,4519,5753,1225,9037,727,6601.66666666667,2157
"1179",53657,1,1,0,7613,6476,8609,1830,NA,NA,8111,4153
"1180",53658,0,0,1,NA,NA,NA,NA,7504,642,7504,642
"1181",53664,1,1,0,4091,3322,4634,964,NA,NA,4362.5,2143
"1182",53665,1,0,0,818,679,NA,NA,NA,NA,818,679
"1183",53667,0,1,0,NA,NA,1178,308,NA,NA,1178,308
"1184",53671,0,0,1,NA,NA,NA,NA,17803,1355,17803,1355
"1185",53677,1,0,0,1595,1315,NA,NA,NA,NA,1595,1315
"1186",53689,1,1,0,821,654,821,133,NA,NA,821,393.5
"1187",53691,1,1,1,1673,1248,1673,250,2134,251,1826.66666666667,583
"1188",53694,1,0,0,312,248,NA,NA,NA,NA,312,248
"1189",53697,1,0,0,248,202,NA,NA,NA,NA,248,202
"1190",53700,1,0,0,662,533,NA,NA,NA,NA,662,533
"1191",53703,1,0,1,31373,26241,NA,NA,39950,2770,35661.5,14505.5
"1192",53708,1,1,1,12075,9874,12650,2525,12680,980,12468.3333333333,4459.66666666667
"1193",53709,1,0,0,94,71,NA,NA,NA,NA,94,71
"1194",53721,1,0,1,583,518,NA,NA,583,83,583,300.5
"1195",53725,1,1,1,2148,1783,2199,506,9106,803,4484.33333333333,1030.66666666667
"1196",53731,0,0,1,NA,NA,NA,NA,7113,863,7113,863
"1197",53732,0,0,1,NA,NA,NA,NA,6638,535,6638,535
"1198",53735,1,0,0,302,235,NA,NA,NA,NA,302,235
"1199",53742,1,0,0,1649,1363,NA,NA,NA,NA,1649,1363
"1200",53743,1,1,0,7126,5797,7070,1337,NA,NA,7098,3567
"1201",53746,1,0,0,13338,10889,NA,NA,NA,NA,13338,10889
"1202",53748,0,0,1,NA,NA,NA,NA,4556,524,4556,524
"1203",53749,0,0,1,NA,NA,NA,NA,123856,5385,123856,5385
"1204",53756,1,0,0,958,1005,NA,NA,NA,NA,958,1005
"1205",53761,0,0,0,NA,NA,NA,NA,336595,13064,336595,13064
"1206",53764,1,0,1,13685,11985,NA,NA,13159,977,13422,6481
"1207",53767,1,0,0,200,178,NA,NA,NA,NA,200,178
"1208",53769,1,0,1,147085,120694,NA,NA,188023,7018,167554,63856
"1209",53772,1,1,0,4800,4421,4832,1606,NA,NA,4816,3013.5
"1210",53773,1,0,0,673,553,NA,NA,NA,NA,673,553
"1211",53775,1,0,0,1295,1080,NA,NA,NA,NA,1295,1080
"1212",53778,0,0,0,NA,NA,NA,NA,12050,1711,12050,1711
"1213",53781,0,1,0,NA,NA,7518,1599,NA,NA,7518,1599
"1214",53783,1,0,0,2529,2036,NA,NA,NA,NA,2529,2036
"1215",53788,0,0,1,NA,NA,NA,NA,138907,5608,138907,5608
"1216",53790,1,0,0,3692,3069,NA,NA,NA,NA,3692,3069
"1217",53793,1,1,0,1383,1150,1698,300,NA,NA,1540.5,725
"1218",53801,0,0,0,NA,NA,NA,NA,2634,437,2634,437
"1219",53806,1,0,1,1526,1216,NA,NA,1350,98,1438,657
"1220",53810,1,0,0,926,744,NA,NA,NA,NA,926,744
"1221",53818,1,0,0,1077,897,NA,NA,NA,NA,1077,897
"1222",53819,0,1,0,NA,NA,4259,888,NA,NA,4259,888
"1223",53824,0,0,1,NA,NA,NA,NA,4075,478,4075,478
"1224",53829,0,0,1,NA,NA,NA,NA,1550,277,1550,277
"1225",53837,0,0,0,NA,NA,NA,NA,21269,1481,21269,1481
"1226",53841,1,0,0,1497,1244,NA,NA,NA,NA,1497,1244
"1227",53849,1,0,0,1593,1318,NA,NA,NA,NA,1593,1318
"1228",53850,1,1,0,25751,22438,29735,7209,NA,NA,27743,14823.5
"1229",53854,1,0,0,32726,26424,NA,NA,NA,NA,32726,26424
"1230",53858,0,1,0,NA,NA,4662,922,NA,NA,4662,922
"1231",53861,1,1,1,5835,4900,6330,1503,6491,1122,6218.66666666667,2508.33333333333
"1232",53864,1,0,0,-1,-1,NA,NA,NA,NA,-1,-1
"1233",53870,1,0,0,2318,1898,NA,NA,NA,NA,2318,1898
"1234",53871,0,0,1,NA,NA,NA,NA,15964,1123,15964,1123
"1235",53873,0,1,0,NA,NA,251680,46222,NA,NA,251680,46222
"1236",53880,1,0,1,12214,9910,NA,NA,16923,1374,14568.5,5642
"1237",53887,1,0,1,443,373,NA,NA,414,88,428.5,230.5
"1238",53890,1,0,0,788,591,NA,NA,NA,NA,788,591
"1239",53891,0,0,0,NA,NA,NA,NA,13925,929,13925,929
"1240",53898,1,0,0,416,307,NA,NA,NA,NA,416,307
"1241",53907,1,0,0,1012,820,NA,NA,NA,NA,1012,820
"1242",53910,0,0,1,NA,NA,NA,NA,8728,806,8728,806
"1243",53917,1,0,0,1658,1357,NA,NA,NA,NA,1658,1357
"1244",53918,1,0,1,460,471,NA,NA,705,124,582.5,297.5
"1245",53920,1,0,0,1165,927,NA,NA,NA,NA,1165,927
"1246",53921,0,0,1,NA,NA,NA,NA,17500,1335,17500,1335
"1247",53926,1,0,0,1512,1604,NA,NA,NA,NA,1512,1604
"1248",53935,0,0,1,NA,NA,NA,NA,11145,849,11145,849
"1249",53936,1,1,0,-1,-1,-1,-1,NA,NA,-1,-1
"1250",53943,1,0,0,1413,1160,NA,NA,NA,NA,1413,1160
"1251",53960,0,0,1,NA,NA,NA,NA,10900,678,10900,678
