,RID,start,end,Distance,Time
0,12036,"50.0605300437894, 8.41854107373365","50.0667702165508, 8.41471409810765",893,430
1,12043,"48.7327561114668, 9.10607814788819","48.7444572947075, 9.08994197845459",2264,406
2,12053,"51.6510610175329, 6.4417280467751","51.6709082081288, 6.45464557521336",3086,603
3,12074,"49.0914195049467, 8.40642929077149","49.0897420617917, 8.41484069824219",1248,261
4,12075,"50.7310498612209, 8.99986267089844","50.7560626982266, 9.00715827941895",3443,961
5,12084,"47.7311261067313, 9.34281895162712","47.6939055871472, 9.25976411439478",10553,2343
6,12106,"51.13926525602, 14.9688720703125","51.0874586224442, 14.9724769592285",7140,1308
7,12117,"53.6053077691951, 10.1587907012436","53.6004544365068, 10.1730784265965",1862,394
8,12120,"51.4939024682846, 7.05390930175781","51.493202521125, 7.0479377497395",460,113
9,12134,"50.5996106444694, 12.6620864868164","50.5910905934737, 12.6112747192383",4943,1301
10,12141,"51.2735414936908, 8.876953125","51.1851973674009, 8.9703369140625",17003,3357
11,12173,"50.8602657644543, 12.953052520752","50.8833312147667, 12.9552841186523",3029,759
12,12174,"50.8065711492442, 12.908935546875","50.7727385296701, 12.9925346374512",9375,2537
13,12215,"52.564873317831, 13.5139560699463","52.7271441268336, 13.4369659423828",25761,4746
14,12272,"51.5674868047179, 13.2501983642578","51.561608844388, 13.1796455383301",5878,1060
15,12280,"51.4888733403548, 7.01832282549731","51.4906835496228, 7.01417183889134",595,104
16,12284,"50.5648015032008, 11.7493696510792","50.5575874677626, 11.7215779423714",2794,668
17,12288,"50.9715217332538, 11.0373115539551","50.8700573226471, 11.1785888671875",18980,4334
18,12317,"48.1590006376721, 12.8323745727539","48.1706792693428, 12.8313446044922",1632,485
19,12319,"48.8195488666013, 9.27452301861195","48.7956318499821, 9.28232717749779",4138,1621
20,12341,"53.1525749364945, 8.18553328514099","53.1592070066454, 8.12301635742188",5884,1159
21,12349,"51.3222861759783, 12.3698222637177","51.163033306278, 12.4392700195313",21328,4264
22,12356,"49.2332486998556, 6.97686005427386","49.2240042360927, 6.94806015528543",2752,907
23,12379,"52.4556235405812, 13.2951126011903","52.4907761978004, 13.3271518729345",5211,1020
24,12397,"48.580420125953, 10.8579468727112","48.55622519828, 10.9938061237335",13587,2805
25,12426,"47.6809041301682, 9.1988285770731","47.66891066903, 9.21470301342197",2246,462
26,12445,"50.9573499506209, 6.88370704650879","50.928999331534, 6.8803596496582",5574,1194
27,12470,"49.0010303401278, 8.41953647135142","48.985529470658, 8.4245567319158",2882,585
28,12471,"53.1268252074036, 8.71269357197889","53.1170582078959, 8.64499568939209",17992,4049
29,12502,"49.4456040693757, 7.78882598824566","49.4137483294269, 7.78027612024744",5037,1696
30,12503,"49.255265568147, 8.87623833987164","49.2701261279573, 8.85402085870737",3348,1007
31,12512,"49.0169487849186, 8.3619426592486","49.0142771361326, 8.3656971936216",706,173
32,12515,"50.0069193344824, 9.20269131660462","50.0686420284438, 9.36257243156433",17652,5123
33,12517,"53.1140818301948, 8.76878713723272","53.1468999316387, 8.79113262053579",6498,1141
34,12567,"48.2715845395645, 8.85461568832398","48.2701803976864, 8.82245063781738",4187,1057
35,12619,"49.0299969517953, 8.4580135345459","49.0370731651546, 8.46084594726563",852,163
36,12626,"48.8164722990965, 9.08641433270532","48.8121441585847, 9.09849929783377",1395,355
37,12645,"53.2632924812297, 10.1126189234492","53.2554031417058, 10.0799903890584",2686,647
38,12646,"52.559696010069, 13.3766913414001","52.5508110176356, 13.3329713344574",4078,849
39,12648,"50.6791248190692, 7.06846837182371","50.6903408780188, 7.10113763809204",3295,783
40,12653,"47.7730218305667, 9.60881397128105","47.7790206385348, 9.64512906968594",5165,1723
41,12660,"51.5170241266529, 14.6598529754556","51.517304540344, 14.5833778451197",7722,1460
42,12697,"51.3064983737681, 6.2747726435191","51.343387501527, 6.25556063747354",5312,998
43,12699,"48.820374531608, 10.2075985496049","48.9092319880132, 10.1561369212868",13777,2640
44,12700,"52.1720432970523, 11.6338202124462","52.1803080976091, 11.6406866675243",1628,271
45,12703,"48.1525733936929, 11.8157261610031","48.1336734923661, 11.8095302581787",2929,556
46,12706,"48.298736785137, 10.0496149036917","48.3049530137913, 10.0426197052002",958,159
47,12707,"50.043553395275, 8.97358131303918","50.0464099519638, 8.96551322832238",897,213
48,12734,"52.2374718564639, 7.07502365112305","52.2328461709953, 7.07210540771484",917,161
49,12744,"50.9656841662586, 7.00790405273438","50.9754045926942, 7.01065063476563",1612,313
50,12772,"51.3375158788349, 12.4003833532333","51.3775667632667, 12.2421598434448",15234,2945
51,12780,"48.6773803427341, 10.1532009694711","48.6712834982296, 10.1689442689531",1598,632
52,12793,"48.2995131156916, 10.978169515729","48.3106618596112, 10.9529399871826",3352,673
53,12794,"51.2939454018415, 9.22213934361935","51.7061848639055, 6.80181077099405",218672,41184
54,12816,"49.9176634304148, 10.6804618804017","49.9405268011683, 10.5853443130036",8499,1772
55,12817,"53.849975539758, 11.9913764123339","53.8268213417754, 11.8968736968236",12780,2699
56,12847,"50.5867244062459, 8.70941162109375","50.602634176668, 8.70297431945801",2689,586
57,12865,"52.26835609445, 8.03782939910889","52.3173517198931, 8.01980495452881",7744,1808
58,12868,"51.297134796688, 7.67813444137573","51.3091549347174, 7.70560026168823",4072,1624
59,12883,"48.5293495256148, 9.34394073381555","48.5309192364834, 9.38225555393729",3996,1605
60,12928,"52.4167125601659, 7.84526824951172","52.433148825217, 7.91414737701416",6128,1193
61,12946,"48.1488016037519, 11.5666809061077","48.1820062969089, 11.5765345869623",4904,1051
62,12949,"51.3569360202642, 6.42412662506104","51.4026326576613, 6.34117126464844",10252,1962
63,22083,"48.1874539166958, 11.5770907912702","48.2022757956494, 11.5308012279274",5620,1139
64,22088,"49.1951338704835, 7.85127639770508","49.1875087449574, 7.83482037484646",1893,984
65,22091,"47.9310663475098, 11.689453125","48.1925774852232, 11.6720835585147",37180,6746
66,22111,"53.5480969147645, 10.08544921875","53.5022503984491, 10.070686340332",7012,1370
67,22113,"50.7793628303266, 7.14162826538086","50.7703427216008, 7.12120056152344",1951,319
68,22150,"50.2513898291903, 8.64538192749024","50.2549844573267, 8.63937377929688",1122,221
69,22156,"49.7652071032762, 10.3721065900833","50.452257251678, 11.6960125749757",154435,31331
70,22170,"49.5103095811964, 12.7133788727224","47.7850085043327, 11.0991820693016",-1,-1
71,22171,"53.5888387546371, 9.25498979429904","53.5769037967516, 9.3348721091752",6041,1120
72,22175,"51.4582952952924, 7.04798698425293","51.4567933815177, 7.04120635986328",1955,365
73,22183,"51.574705595166, 6.250252574564","51.5816395935572, 6.41080603029877",14268,2817
74,22221,"50.1273768687035, 9.24195825429706","50.1321263775368, 9.24117565155029",628,185
75,22252,"52.0987002802658, 7.58971979321359","52.0602969379717, 7.64864802185912",7051,1378
76,22257,"48.1498542768525, 11.5769076347351","48.0752976374821, 11.57958984375",11403,2403
77,22266,"51.2876280843873, 6.85036718845367","51.3195286045698, 6.85722827911377",4673,1101
78,22267,"54.0989845888811, 13.3725929260254","54.133581233511, 13.4307861328125",7195,1282
79,22272,"49.8434768607842, 8.35430860519409","49.8606703095201, 8.36312167346478",2991,560
80,22274,"51.3191031534355, 12.4194602976786","51.2932633576966, 12.608287812327",15369,2878
81,22294,"51.3595756662405, 6.94456100463867","51.3765170302859, 6.9078254699707",3502,671
82,22308,"51.5990795905796, 9.85851287841797","51.5779443136139, 10.0226211547852",18640,4315
83,22315,"54.3023021413704, 12.8643421456218","54.3071098231699, 12.8508107364178",2105,355
84,22317,"52.7622944530903, 8.26789855957031","52.7149173551177, 8.35853576660156",9992,1887
85,22332,"48.1398757895693, 11.6722440719605","48.1264868854059, 11.7000961303711",3793,747
86,22334,"50.8751107495973, 7.01252174272668","50.8769697637721, 7.01200675859582",282,49
87,22342,"53.8721042025529, 10.7182788848877","53.7812341373627, 10.6371474266052",14962,2695
88,22365,"49.4591925325423, 8.429936170578","49.4454590946007, 8.43586921691895",2580,599
89,22397,"50.6924498021703, 10.9091479404015","50.6895631993465, 10.9119790167642",521,112
90,22417,"50.6053778884802, 8.77532958984375","50.6096120745971, 8.76794815063477",907,203
91,22419,"49.6530861153804, 11.0391365290343","49.6865518875896, 11.0017132772191",6923,1424
92,22424,"51.3765906965436, 14.0811038017273","51.3535692459897, 14.205322265625",12845,2390
93,22437,"54.1042221389823, 11.901798248291","54.1464190232655, 11.894416809082",8391,1595
94,22460,"50.3361480062779, 7.70905494689941","50.3301213612751, 7.71420478820801",1716,517
95,22491,"51.9702915986192, 7.56925568062798","51.9741412711506, 7.55766248699729",1243,245
96,22517,"52.5272961987669, 13.4235671587885","52.6231047333501, 13.3880669722566",14224,2793
97,22522,"48.8096049957597, 11.370849609375","48.8433902231651, 11.2618446350098",10657,2276
98,22525,"47.7217671604904, 10.3124059438051","47.633701444666, 10.265968318563",14500,2936
99,22530,"48.9260863685281, 9.19120807946456","48.9523156941107, 9.22043389873579",5184,1044
100,22562,"48.906028459006, 10.3571462631226","48.9038845987754, 10.336332321167",2269,456
101,22567,"52.5315231174315, 13.351457118988","52.5638541883587, 13.2661628723145",10723,2106
102,22569,"52.4379697790204, 13.7293871886504","52.4582540936655, 13.7638495151623",4611,965
103,22602,"48.7455911393382, 11.0730171203613","48.7317606834661, 11.0791969299316",11263,2374
104,22603,"48.1290887409594, 11.508264541626","48.1214020129858, 11.5120410919189",1337,301
105,22634,"49.1990085332642, 8.11065673828125","49.2129330958645, 7.96371459960938",13917,3263
106,22645,"53.6276935984023, 11.4124774932861","53.6417214164555, 11.3797330849775",3038,641
107,22652,"53.9942124375691, 11.9031535534941","54.1547929982633, 11.8882469582604",25038,4862
108,22662,"52.9667281052342, 8.81103515625","53.2075747449706, 8.53466033935547",44829,8588
109,22672,"53.0806005805881, 8.7674043010793","53.0690633006018, 8.72169767069863",6172,1131
110,22678,"51.2794342446034, 12.3771286010742","51.267181441279, 12.3469161987305",3415,718
111,22727,"49.3335945445806, 7.4652099609375","49.3560963870495, 7.30144500732422",19340,4176
112,22743,"49.5386544237407, 8.38808417553082","49.5492401232725, 8.3812177204527",1905,327
113,22759,"51.5847578027981, 7.00137555599213","51.6212965768574, 6.99706792831421",4349,730
114,22763,"52.4405250781805, 13.5558843612671","52.4210573414589, 13.6090564727783",5748,1141
115,22765,"48.3824130030177, 10.8254814147949","48.3897224713077, 10.8079987764359",2236,415
116,22778,"54.5026577194277, 9.54136848449707","54.5177965930879, 9.5295238494873",2700,670
117,22779,"51.247518447475, 9.38901901245117","51.2985920943791, 9.49659003483357",12097,2209
118,22851,"49.2676665353747, 6.80344692274957","49.1892488388418, 6.74622467398876",11518,2542
119,22864,"54.3411512904273, 10.0198745727539","54.3367807551124, 9.96974945068359",4380,756
120,22873,"54.7836801216679, 9.43682670593262","54.8147563330239, 9.69191551208496",20232,3987
121,22882,"51.3032686810757, 12.2608966816915","51.3026301080272, 12.2535152424825",546,152
122,22897,"53.5941988816015, 9.98332679271698","53.5626859813757, 9.98095035552979",4691,1034
123,22915,"51.2920052686951, 13.5334610939026","51.2867805026594, 13.5167260813614",1843,352
124,22954,"52.2152589107833, 11.7884445120581","52.1533458309558, 11.9835662702099",22323,4136
125,22977,"52.3727589426493, 9.70279097546154","52.3773574814338, 9.69541668837337",946,188
126,22986,"51.4830131737969, 11.9234490394592","51.4888389358188, 11.9263243675232",870,179
127,23004,"48.4045911084346, 13.3078765869141","48.3836181088663, 13.3339691162109",4518,868
128,23031,"54.7743755421376, 8.98152923531597","54.8067500206511, 8.97466278023785",4929,962
129,23040,"48.9938475524225, 8.39350640773773","48.9885534775087, 8.42229723930359",3366,663
130,23061,"48.6726204519234, 11.4683532714844","48.6767068554532, 11.4904975891113",2137,371
131,23065,"48.6558339974839, 10.8057403564453","48.6296300172814, 10.8114910125732",3677,897
132,23068,"50.3913436322411, 7.6453072624281","49.9822237504386, 7.53107888507657",68209,14773
133,23092,"50.7399657422959, 7.09416389465332","50.7466872362417, 7.11390495300293",2824,638
134,23135,"50.9707115160847, 13.8718155123161","50.973773722488, 13.8811050742652",1350,265
135,23141,"52.0567320807153, 8.53242874145508","52.0576732371378, 8.55903625488281",1990,430
136,23143,"49.3047550676721, 10.5752334589488","49.3592046856288, 10.5093154901988",9334,1863
137,23153,"51.9921073486171, 9.12036895751953","51.9839612389954, 9.09552097320557",2309,646
138,23200,"50.4251436281596, 12.9673004150391","50.4403426489194, 12.975754737854",3168,1042
139,23263,"51.7460569629452, 11.4436340332031","51.7544526026199, 11.4595913852099",2445,383
140,23280,"48.6348342906275, 12.8537452646606","48.5692863013154, 12.5784312613905",23894,4524
141,23291,"48.1481624120917, 7.6969455066137","48.1139133309693, 7.70000566667142",5118,2100
142,32137,"48.206172917143, 11.5521669387817","47.5090411558147, 11.2651062011719",110979,22058
143,32147,"48.7789308370763, 9.18066501617432","48.8045457581585, 9.19585704803467",4498,881
144,32152,"52.0854840134481, 8.66358017934544","52.118516832521, 8.7088655234038",6816,1642
145,32156,"51.4910300848574, 6.29653930664063","51.5005203686408, 6.29001617431641",1382,271
146,32179,"52.9796561320157, 9.1195678152144","54.1915037210421, 12.6599118858576",329000,61092
147,32203,"51.7858002361573, 11.1604270956013","51.8186461908171, 11.1965446535032",6400,1162
148,32213,"53.5520370307997, 10.0172423198819","52.1627865914211, 10.5380058148876",197015,36290
149,32216,"52.3765615453666, 13.1348419189453","52.4025026651013, 13.1684875488281",4843,946
150,32219,"51.46793756484, 7.48958587646484","51.4558040463079, 7.50095844268799",2360,727
151,32223,"52.450306725815, 13.5378170013428","52.4462747896543, 13.5347270965576",1135,203
152,32233,"53.3056468433287, 9.9565315246582","53.2824584662586, 9.80855941772461",11225,2402
153,32240,"51.4564704855005, 6.73659373889677","51.4679164502837, 6.72075773065444",2267,441
154,32260,"52.4841879001056, 9.80461992978235","52.5001755017737, 9.8073080231552",2908,516
155,32266,"51.8790731942943, 12.6655197143555","51.8566124252493, 12.6462936401367",4500,901
156,32269,"51.3631128213287, 9.46866989135742","51.3651391933515, 9.44292068481445",2222,463
157,32272,"51.5384479835308, 7.11441993713379","51.5495475338527, 7.12858200073242",2940,618
158,32276,"53.1690804351361, 9.48886870639399","53.1719568097132, 9.50310230167816",1215,214
159,32279,"51.4720151866535, 7.36740589141846","51.4274924994744, 7.27020263671875",9573,1842
160,32286,"50.094415885671, 10.7913208007812","50.0650953236531, 10.7504653930664",5747,1295
161,32308,"52.7662917817552, 13.238525390625","52.7870809335192, 13.2625579833984",4260,835
162,32312,"49.0035766466774, 8.51842761039734","48.983510442385, 8.42462539672852",9191,1757
163,32324,"48.1273469144195, 11.5559434890747","48.1213570715972, 11.5671443939209",1438,324
164,32332,"52.4976438014187, 13.3135516788752","52.4962737661516, 13.3253625190991",1117,221
165,32337,"52.025077360978, 8.5434365272522","52.0235061454287, 8.50341796875",3291,1080
166,32350,"50.8893906240934, 11.8231773376465","50.8952377736013, 11.8255805969238",1173,308
167,32368,"49.541474080412, 8.58633041381836","49.5381043976733, 8.5133957862854",6234,1206
168,32373,"51.9036128078836, 10.1565170288086","51.9427834189026, 10.0990104675293",7118,1242
169,32385,"52.1354966083489, 11.611475944519","52.120020067365, 11.6467952728272",3812,769
170,32387,"48.8092086898588, 9.36314169768593","48.8058823119663, 9.35604131547734",645,110
171,32413,"54.4747197049135, 8.876953125","54.4783897810568, 9.07470703125",20580,3717
172,32430,"53.3913395435387, 7.49301910400391","53.4022053305562, 7.459716796875",4040,761
173,32435,"51.1608946072108, 13.9080734294839","51.1614893996407, 13.8953361532185",1076,255
174,32441,"50.5645252914413, 8.15769195556641","50.4874249714563, 8.27133178710938",15037,2544
175,32448,"49.0091229434035, 8.38532567024231","49.0004137644251, 8.37207555770874",2098,440
176,32455,"54.1475564206634, 10.9565234184265","54.178932490972, 10.9720426797867",4381,901
177,32468,"54.2026168034675, 9.8876953125","54.3046661449239, 10.0691413879395",25506,4654
178,32500,"48.4517829073863, 9.38441848964431","48.4605069658235, 9.37592982983915",1823,527
179,32513,"52.5447019702403, 9.73457336425781","52.5480633469816, 9.71534729003906",2174,474
180,32521,"52.5172797285759, 13.4997779130936","52.4399460554048, 13.6802101135254",20485,3934
181,32533,"49.7007830105183, 7.34049797058105","49.687525036817, 7.35860824584961",3473,1543
182,32551,"54.2138610006449, 13.18359375","54.0851734208868, 13.436279296875",29126,5315
183,32585,"48.4471312074834, 9.09621834754944","48.4433812013801, 9.08800005912781",933,145
184,32592,"52.4488704790977, 10.8016108275115","52.4493769134219, 10.8126153951162",1080,187
185,32601,"53.6425719515904, 9.24248635725235","53.650071851451, 9.24919367011171",1166,185
186,32622,"48.7803518747478, 11.4105033874512","48.7398966761093, 11.3248443603516",10316,1921
187,32658,"49.0017946485299, 8.38754653930664","49.00167675358, 8.37535858154297",1646,347
188,32667,"52.6276126834009, 13.5164076089859","52.7076662111421, 13.5308790198178",11809,2437
189,32702,"51.5343838101442, 7.62899100780487","51.5455877705091, 7.6285457611084",1745,389
190,32708,"50.0792162275579, 8.32735061820131","50.117540215182, 8.30440521589481",5992,1668
191,32741,"50.8676518325682, 12.074797154346","50.877206704892, 12.0568656991236",3091,994
192,32749,"51.014567110063, 13.7849020957947","51.0315834948263, 13.7700748443604",2790,607
193,32771,"51.3735485163142, 9.24362182617188","51.3966486199463, 9.22920227050781",3546,1031
194,32777,"48.1649290215698, 11.5144100194448","48.158270634901, 11.4979305272573",1948,686
195,32790,"49.4220495216265, 8.42848777770996","49.3951146901522, 8.47208976745606",5409,1036
196,32837,"51.8974959324633, 11.0690689086914","51.8550852184127, 11.0316467285156",7380,1626
197,32847,"52.5227414372546, 13.4488248829439","52.5265213769064, 13.4332895283296",1580,349
198,32891,"53.5011680956166, 7.0916748046875","53.5097759734625, 7.07244873046875",5076,886
199,32894,"52.6349694229622, 9.93682480067946","52.6274079249956, 9.96978378505446",2875,610
200,32935,"50.8769025189488, 6.91609096946195","50.9042524881395, 6.90391160314903",4533,1001
201,32938,"48.8450600877354, 8.21730136871338","48.9065644096931, 8.29879760742188",11505,2186
202,32942,"52.5258825609947, 7.31483459472656","52.5494697139725, 7.24960327148438",6024,1147
203,32950,"49.7769781458231, 7.89341243449599","49.7769592519885, 7.89544116938487",197,97
204,32962,"49.1798098318358, 8.61697196960449","49.1681277955061, 8.61559867858887",1735,327
205,33000,"50.9521709433487, 6.95516109466553","50.9247654916954, 7.13973999023438",17652,3596
206,33025,"53.3720518868081, 8.10165329603478","53.3818233388178, 8.11632254859433",1993,401
207,33045,"52.8968878882459, 10.1667823770549","52.8751462534375, 10.1211204507854",4357,811
208,33050,"49.1387799117961, 9.41014409065247","49.1204030913447, 9.38180923461914",3914,994
209,33063,"48.2577146039648, 7.80557155609131","48.3008279773731, 8.22601318359375",45885,10513
210,33071,"53.7354652795595, 10.598991389852","53.7072005388581, 10.7434272870887",12868,2676
211,33082,"48.486058058403, 9.19826030731201","48.4471815793129, 9.20386075973511",7056,1700
212,33102,"51.7529825949276, 11.9914627040271","51.7499737944368, 11.9966697675409",789,136
213,33135,"54.6678749403745, 8.92192840576172","54.6019032516363, 8.82305145263672",12674,2451
214,42137,"48.206172917143, 11.5521669387817","47.5090411558147, 11.2651062011719",110979,22058
215,42147,"48.7789308370763, 9.18066501617432","48.8045457581585, 9.19585704803467",4498,881
216,42152,"52.0854840134481, 8.66358017934544","52.118516832521, 8.7088655234038",6816,1642
217,42156,"51.4910300848574, 6.29653930664063","51.5005203686408, 6.29001617431641",1382,271
218,42179,"52.9796561320157, 9.1195678152144","54.1915037210421, 12.6599118858576",329000,61092
219,42203,"51.7858002361573, 11.1604270956013","51.8186461908171, 11.1965446535032",6400,1162
220,42213,"53.5520370307997, 10.0172423198819","52.1627865914211, 10.5380058148876",197015,36290
221,42216,"52.3765615453666, 13.1348419189453","52.4025026651013, 13.1684875488281",4843,946
222,42219,"51.46793756484, 7.48958587646484","51.4558040463079, 7.50095844268799",2360,727
223,42223,"52.450306725815, 13.5378170013428","52.4462747896543, 13.5347270965576",1135,203
224,42233,"53.3056468433287, 9.9565315246582","53.2824584662586, 9.80855941772461",11225,2402
225,42240,"51.4564704855005, 6.73659373889677","51.4679164502837, 6.72075773065444",2267,441
226,42260,"52.4841879001056, 9.80461992978235","52.5001755017737, 9.8073080231552",2908,516
227,42266,"51.8790731942943, 12.6655197143555","51.8566124252493, 12.6462936401367",4500,901
228,42269,"51.3631128213287, 9.46866989135742","51.3651391933515, 9.44292068481445",2222,463
229,42272,"51.5384479835308, 7.11441993713379","51.5495475338527, 7.12858200073242",2940,618
230,42276,"53.1690804351361, 9.48886870639399","53.1719568097132, 9.50310230167816",1215,214
231,42279,"51.4720151866535, 7.36740589141846","51.4274924994744, 7.27020263671875",9573,1842
232,42286,"50.094415885671, 10.7913208007812","50.0650953236531, 10.7504653930664",5747,1295
233,42308,"52.7662917817552, 13.238525390625","52.7870809335192, 13.2625579833984",4260,835
234,42312,"49.0035766466774, 8.51842761039734","48.983510442385, 8.42462539672852",9191,1757
235,42324,"48.1273469144195, 11.5559434890747","48.1213570715972, 11.5671443939209",1438,324
236,42332,"52.4976438014187, 13.3135516788752","52.4962737661516, 13.3253625190991",1117,221
237,42337,"52.025077360978, 8.5434365272522","52.0235061454287, 8.50341796875",3291,1080
238,42350,"50.8893906240934, 11.8231773376465","50.8952377736013, 11.8255805969238",1173,308
239,42368,"49.541474080412, 8.58633041381836","49.5381043976733, 8.5133957862854",6234,1206
240,42373,"51.9036128078836, 10.1565170288086","51.9427834189026, 10.0990104675293",7118,1242
241,42385,"52.1354966083489, 11.611475944519","52.120020067365, 11.6467952728272",3812,769
242,42387,"48.8092086898588, 9.36314169768593","48.8058823119663, 9.35604131547734",645,110
243,42413,"54.4747197049135, 8.876953125","54.4783897810568, 9.07470703125",20580,3717
244,42430,"53.3913395435387, 7.49301910400391","53.4022053305562, 7.459716796875",4040,761
245,42435,"51.1608946072108, 13.9080734294839","51.1614893996407, 13.8953361532185",1076,255
246,42441,"50.5645252914413, 8.15769195556641","50.4874249714563, 8.27133178710938",15037,2544
247,42448,"49.0091229434035, 8.38532567024231","49.0004137644251, 8.37207555770874",2098,440
248,42455,"54.1475564206634, 10.9565234184265","54.178932490972, 10.9720426797867",4381,901
249,42468,"54.2026168034675, 9.8876953125","54.3046661449239, 10.0691413879395",25506,4654
250,42500,"48.4517829073863, 9.38441848964431","48.4605069658235, 9.37592982983915",1823,527
251,42513,"52.5447019702403, 9.73457336425781","52.5480633469816, 9.71534729003906",2174,474
252,42521,"52.5172797285759, 13.4997779130936","52.4399460554048, 13.6802101135254",20485,3934
253,42533,"49.7007830105183, 7.34049797058105","49.687525036817, 7.35860824584961",3473,1543
254,42551,"54.2138610006449, 13.18359375","54.0851734208868, 13.436279296875",29126,5315
255,42585,"48.4471312074834, 9.09621834754944","48.4433812013801, 9.08800005912781",933,145
256,42592,"52.4488704790977, 10.8016108275115","52.4493769134219, 10.8126153951162",1080,187
257,42601,"53.6425719515904, 9.24248635725235","53.650071851451, 9.24919367011171",1166,185
258,42622,"48.7803518747478, 11.4105033874512","48.7398966761093, 11.3248443603516",10316,1921
259,42658,"49.0017946485299, 8.38754653930664","49.00167675358, 8.37535858154297",1646,347
260,42667,"52.6276126834009, 13.5164076089859","52.7076662111421, 13.5308790198178",11809,2437
261,42702,"51.5343838101442, 7.62899100780487","51.5455877705091, 7.6285457611084",1745,389
262,42708,"50.0792162275579, 8.32735061820131","50.117540215182, 8.30440521589481",5992,1668
263,42741,"50.8676518325682, 12.074797154346","50.877206704892, 12.0568656991236",3091,994
264,42749,"51.014567110063, 13.7849020957947","51.0315834948263, 13.7700748443604",2790,607
265,42771,"51.3735485163142, 9.24362182617188","51.3966486199463, 9.22920227050781",3546,1031
266,42777,"48.1649290215698, 11.5144100194448","48.158270634901, 11.4979305272573",1948,686
267,42790,"49.4220495216265, 8.42848777770996","49.3951146901522, 8.47208976745606",5409,1036
268,42837,"51.8974959324633, 11.0690689086914","51.8550852184127, 11.0316467285156",7380,1626
269,42847,"52.5227414372546, 13.4488248829439","52.5265213769064, 13.4332895283296",1580,349
270,42891,"53.5011680956166, 7.0916748046875","53.5097759734625, 7.07244873046875",5076,886
271,42894,"52.6349694229622, 9.93682480067946","52.6274079249956, 9.96978378505446",2875,610
272,42935,"50.8769025189488, 6.91609096946195","50.9042524881395, 6.90391160314903",4533,1001
273,42938,"48.8450600877354, 8.21730136871338","48.9065644096931, 8.29879760742188",11505,2186
274,42942,"52.5258825609947, 7.31483459472656","52.5494697139725, 7.24960327148438",6024,1147
275,42950,"49.7769781458231, 7.89341243449599","49.7769592519885, 7.89544116938487",197,97
276,42962,"49.1798098318358, 8.61697196960449","49.1681277955061, 8.61559867858887",1735,327
277,43000,"50.9521709433487, 6.95516109466553","50.9247654916954, 7.13973999023438",17652,3596
278,43025,"53.3720518868081, 8.10165329603478","53.3818233388178, 8.11632254859433",1993,401
279,43045,"52.8968878882459, 10.1667823770549","52.8751462534375, 10.1211204507854",4357,811
280,43050,"49.1387799117961, 9.41014409065247","49.1204030913447, 9.38180923461914",3914,994
281,43063,"48.2577146039648, 7.80557155609131","48.3008279773731, 8.22601318359375",45885,10513
282,43071,"53.7354652795595, 10.598991389852","53.7072005388581, 10.7434272870887",12868,2676
283,43082,"48.486058058403, 9.19826030731201","48.4471815793129, 9.20386075973511",7056,1700
284,43102,"51.7529825949276, 11.9914627040271","51.7499737944368, 11.9966697675409",789,136
285,43135,"54.6678749403745, 8.92192840576172","54.6019032516363, 8.82305145263672",12674,2451
286,53172,"52.545746346846, 13.4321367309713","52.5815393349533, 13.477069497967",7253,1413
287,53179,"53.6153225168467, 9.9620246887207","53.5914381851302, 9.96078014373779",3999,741
288,53198,"52.6151186810187, 10.5995407083537","52.6364799996799, 10.5755424499512",3551,704
289,53202,"49.0009297858073, 8.4195613861084","48.9903108981954, 8.41750144958496",2058,440
290,53209,"51.3012613778834, 6.74021042396457","51.2964907718827, 6.73285961151123",872,209
291,53210,"50.8537233701979, 12.473258972168","53.7368753490261, 12.6561029912315",392326,72116
292,53241,"53.8690359432142, 10.7345392007846","53.868193664795, 10.7091333169956",2199,442
293,53245,"51.0846550551679, 13.7172031402588","50.7973639227152, 13.668794631958",44384,10597
294,53246,"48.76406290788, 11.4240646362305","48.7481270932265, 11.3986587524414",3248,623
295,53325,"50.9934465928594, 7.12744474411011","51.0005770323552, 7.0652711391449",5884,1196
296,53331,"51.7912049962546, 7.62368559837341","51.772088988916, 7.60995268821716",3091,566
297,53333,"51.6542409051872, 6.45103454589844","51.6684904490788, 6.476659554246",2544,483
298,53344,"53.5344123036715, 9.96693730342486","53.5557605118842, 9.98050165129826",3429,836
299,53373,"47.7628953500384, 9.28904342232272","47.8233403644748, 9.22587203560397",11222,2420
300,53385,"50.1156232048175, 8.68658065795899","50.1187000801026, 8.67945671081543",1035,253
301,53392,"50.0019015989946, 8.25146198272705","49.9900351819328, 8.29216718673706",4728,980
302,53405,"53.1099345938403, 8.90287399291992","53.098957811462, 8.8312339791446",6625,1481
303,53412,"52.0874253138274, 7.48214632971212","52.1227672269742, 7.49599691655021",5008,908
304,53440,"48.2544402408769, 8.68572235107422","48.2537439823649, 8.69876861572266",1108,240
305,53469,"51.9607560453141, 7.64003848977154","51.9798475382536, 7.62415981240338",3180,626
306,53476,"53.1215706818177, 13.5091683268547","53.1179327303914, 13.5249423980713",1312,298
307,53484,"47.6126036839856, 7.66709302843083","47.6384590380824, 7.66545152699109",4877,1403
308,53516,"48.8431688648018, 9.19591069221497","48.8458752302466, 9.21079158782959",1504,356
309,53522,"52.19793430457, 8.71401624579448","52.1963428643284, 8.75487165350933",3696,829
310,53542,"50.7763235295753, 7.18746185302734","50.7518908603216, 7.20128059387207",4767,1263
311,53577,"50.2368850829831, 8.58590126037598","50.2264257538294, 8.59470427036286",2295,418
312,53586,"51.7591678233573, 11.3549995404901","51.7617333175235, 11.3536262494745",526,90
313,53596,"53.8384748132486, 10.7152211666107","53.781383706057, 10.7637691497803",7873,1487
314,53616,"52.9353966586232, 8.14739227294922","53.6179684267129, 8.51526260375977",101754,19152
315,53624,"51.9546063802798, 12.8953677143727","51.9322755745534, 12.9115815919067",3927,726
316,53656,"52.0417606418731, 10.3759002685547","52.0146694540527, 10.4109191894531",5599,1272
317,53657,"47.6749312812029, 9.16606307029724","47.725237399616, 9.13925170898438",8609,1830
318,53664,"52.1603031800261, 11.6302299499512","52.163255775367, 11.6746044158936",4634,964
319,53667,"49.8085475094243, 9.9879118365061","49.8145347308227, 9.99566188856989",1178,308
320,53689,"53.1569475911911, 8.7175966497307","53.158880212085, 8.71832728385925",821,133
321,53691,"48.8682179332732, 8.67248186201323","48.8739687551211, 8.65754732221831",1673,250
322,53708,"48.5619349983005, 10.6848907470703","48.6210765824726, 10.7813404686749",12650,2525
323,53725,"49.1956152946598, 7.1495246887207","49.1803568665292, 7.14231491088867",2199,506
324,53743,"52.2677605112083, 11.8476340720736","52.2390113176209, 11.7701795697212",7070,1337
325,53772,"50.2083438580886, 8.57489347457886","50.2158062273833, 8.5195541381836",4832,1606
326,53781,"50.9345010373296, 6.97526514524725","50.8901429850483, 6.950426097319",7518,1599
327,53793,"52.5355499649778, 13.4361848825938","52.5271880327616, 13.4347257608897",1698,300
328,53819,"49.4701320656666, 8.42333793640137","49.4966745274704, 8.41578483581543",4259,888
329,53850,"50.8365803435858, 12.9028635619761","50.6452741048566, 12.952979564634",29735,7209
330,53858,"49.5034044964997, 8.49430671987183","49.5064052774516, 8.54643038524955",4662,922
331,53861,"52.4832261557232, 13.42529296875","52.5292558002359, 13.436279296875",6325,1502
332,53873,"53.1354467999114, 8.8161849975586","53.559875376356, 11.9643748205556",251680,46222
333,53936,"51.3226577364863, 12.4034786224365","54.1075079838879, 3.1267087161541",-1,-1
334,63982,"51.5902493863166, 7.21269607543945","51.5130213321782, 7.40083694458008",21253,4384
335,63986,"50.5718503565519, 9.57186412182637","50.5613096321678, 9.54645896621514",2947,829
336,63991,"49.791902580573, 9.91498296039936","49.8027350620747, 9.91434980158374",1559,333
337,63999,"48.0889007154093, 10.5480766296387","48.0844495750772, 10.5374765396118",1353,492
338,64021,"50.1759597979959, 11.4396965503693","49.8157885881449, 10.9680147143081",80893,16306
339,64031,"48.0747756479675, 8.72404575347901","48.3636724429925, 8.74134063720703",44954,9037
340,64037,"54.1117479823206, 11.9119262695313","54.1149679843837, 11.9146728515625",358,48
341,64056,"51.8226225996251, 11.5763282775879","51.8771268259966, 11.5454292297363",7920,1497
342,64090,"49.8020082754502, 9.99742627296655","49.8082542043359, 10.0195598584833",2974,618
343,64096,"51.8889309069713, 9.62405776925152","51.8604220431883, 9.63926696567796",4795,1232
344,64107,"48.1607586100918, 11.543264885313","48.1699246948784, 11.5517402540718",1973,617
345,64131,"49.4746497609921, 8.49170207977295","49.4833493335863, 8.4955644607544",1668,419
346,64133,"51.0030532236584, 11.0303249357821","51.041950354925, 11.0035972592596",6261,1208
347,64147,"49.3119515969671, 12.1766624471638","49.2835091042972, 12.1691093465779",3890,673
348,64151,"53.6994946034476, 10.1853360235691","53.7078487177223, 10.1880504190922",2731,582
349,64161,"48.7247954290529, 8.00886154174805","48.7373565306061, 7.98311233520508",3106,601
350,64163,"50.1314047664667, 8.68312204544964","50.1438858539981, 8.7141997472645",3925,931
351,64171,"49.6868772003535, 12.1735382080078","49.6323184767542, 12.1434116363525",7656,1528
352,64198,"51.3285286205423, 12.3319906066172","51.3050397632718, 12.3524945962708",3940,823
353,64200,"52.6264615813898, 13.304310533058","52.6207283403554, 13.330703463871",2952,507
354,64213,"47.9649901060005, 7.95384407043457","47.9814157887628, 7.97558784834109",2891,591
355,64214,"53.6392230274644, 9.95841121621197","53.6523657464928, 9.96308040252188",2179,446
356,64222,"51.4299145880613, 9.63569641113281","51.5146851470322, 9.90334786795273",26889,5846
357,64223,"53.5786661653647, 10.0641289037594","53.5954924066304, 10.0186608312652",5884,1289
358,64253,"50.9561608579528, 7.00634411658484","50.9658759676644, 6.99932416479442",1967,471
359,64274,"48.8150099020907, 11.5100055467337","48.8426002009408, 11.5065723191947",3934,840
360,64276,"53.4415205295804, 12.0787811279297","53.4882702378604, 12.0918273925781",10371,2004
361,64282,"53.4060782152946, 7.43396759033203","53.4050945367716, 7.44235754013062",841,175
362,64300,"53.1765754348765, 9.00132179260254","53.1791663533647, 8.98977756500244",1121,217
363,64307,"49.2452732807909, 6.97116982319585","49.2734695620477, 6.97338172358286",4312,1012
364,64313,"51.131997197362, 6.61788940429688","51.1195157049758, 6.64707183837891",3072,542
365,64326,"53.9831633018578, 11.7289352416992","54.0111439581055, 11.7316818237305",6084,1092
366,64334,"50.090677322043, 8.68381721586047","50.1058678018887, 8.74245399296342",6306,1203
367,64341,"51.9505922812331, 14.7161178546958","51.9659573748696, 14.6041946369223",9082,1831
368,64349,"50.0014277202777, 8.29937696456909","50.0043314900909, 8.34149837493897",3765,658
369,64378,"54.4022462956681, 10.2266407012939","54.4331107462576, 10.3267192840576",10068,1744
370,64404,"51.5137257350796, 7.46702957127127","51.5154115715951, 7.46244658759679",1006,257
371,64405,"48.3893194552647, 10.7992440462112","48.3837613302355, 10.8210557699204",3287,907
372,64412,"48.1467037148481, 11.6054677963257","48.153117378713, 11.5924644470215",1611,333
373,64426,"54.6964724396819, 9.24842834472656","54.7055940829298, 9.25941467285156",1983,349
374,64446,"53.5321644323978, 12.6462936401367","53.5002219098293, 12.6656913757324",7594,1483
375,64480,"52.4655120325685, 13.3491689396664","52.5230512949424, 13.3956727976329",9776,1998
376,64481,"50.9970281544527, 6.91196251020301","51.0013016627063, 6.92977881444676",1871,470
377,64528,"51.3189734600462, 9.49742317199707","51.3092152957696, 9.39192652702332",9120,3143
378,64531,"52.4615620225849, 13.3766042115167","52.462024607002, 13.3769273757935",73,44
379,64535,"51.4960363117679, 11.9687617756426","52.5347091687521, 14.3926711496897",259326,46802
380,64539,"48.7368065021613, 11.1847343423869","48.745330790066, 11.2595787027385",6268,1108
381,64549,"47.9221229808606, 9.75688934326172","47.9128050298799, 9.77671623229981",2137,746
382,64561,"49.5101145229079, 8.47183227539063","49.4936197057562, 8.49783897399903",3548,788
383,64562,"54.0579235407555, 10.0003051757813","54.0843913613425, 9.95275497436524",5377,1144
384,64572,"52.2403626650915, 7.96127700596117","52.2606350804426, 7.97020339756273",3137,538
385,64600,"51.0169732227042, 6.90767347790825","51.0248937603508, 6.91877961158753",1517,290
386,64602,"48.3764560537605, 10.8550930023193","48.3388594129312, 10.9398132562637",10271,2099
387,64605,"51.83382176481, 8.3247184753418","51.8488279425321, 8.30145835876465",2995,660
388,64608,"51.4565874769567, 6.73530578613281","51.4550699073579, 6.74165725708008",690,182
389,64614,"50.5088267876385, 9.21169275076714","50.1229717917963, 8.69848966598511",71420,13011
390,64622,"47.5922649191317, 7.60494232177734","47.6117066015025, 7.63429641723633",4096,1449
391,64633,"51.5891645431384, 7.55408763885498","51.5662084559674, 7.58417129516602",3786,827
392,64634,"52.5693730323474, 13.494815826416","52.571780842117, 13.4908676147461",567,97
393,64641,"51.9180922783195, 7.48752593994141","51.8913464429735, 7.3084831237793",17160,3214
394,64647,"51.0064490312393, 11.0992813110352","51.0174865542563, 11.0845613479614",1802,404
395,64655,"49.456216445409, 11.0767328736983","49.4507708596113, 11.0981726642058",2125,381
396,64661,"50.984766026668, 10.3210593193035","50.9847489136739, 10.3210083998965",3,1
397,64680,"47.8216988912419, 12.3900353908539","47.8312934254771, 12.3829329013824",1412,284
398,64690,"48.2979438215823, 11.6189174662577","48.2963350182361, 11.6662960062968",5621,1101
399,64710,"51.1377025740086, 12.063460352656","51.1372643530012, 12.1312236785889",5286,1101
400,64712,"52.637672801326, 13.2138061523438","52.6130972835349, 13.2134628295898",3628,704
401,64718,"50.9953643566503, 11.0467529296875","50.9673167657629, 11.0065841674805",7393,1708
402,64725,"53.9122369584734, 9.87875711878587","53.8731982038989, 9.80409622192383",8385,1551
403,64746,"50.053210640126, 8.70271682739258","52.4148802951457, 10.206298828125",376161,72622
404,64800,"50.9411785415785, 6.93435251712799","50.8043002492517, 6.83383941650391",19954,4188
405,64801,"50.3021002150469, 12.3383331298828","50.2992602723198, 12.3472595214844",752,270
406,64803,"52.5289521380444, 13.4051968834319","52.5266114053119, 13.4093928337097",578,98
407,64811,"53.5464817943436, 10.0254535675049","53.5467304091517, 10.0254964828491",69,11
408,64817,"49.3576617390742, 12.1481323242188","49.2176494252275, 12.088737487793",19966,3958
409,64818,"50.9875451453441, 7.84799766435754","50.9928933078734, 7.84917139993922",1087,494
410,64831,"51.9493437994359, 7.62039184570313","51.8817894907091, 7.67884254455566",9912,1889
411,64842,"52.3062886288015, 9.61070012496018","52.3013935623151, 9.59891796112061",1086,318
412,64848,"52.254785868703, 13.9262008666992","52.2346264178115, 13.9007949829102",2490,488
413,64854,"51.5410166565739, 6.94499015808106","51.557973199848, 6.97674751281738",4125,798
414,64855,"48.9956332368692, 12.067523002188","48.9903974328441, 12.0577383037016",1487,434
415,64857,"49.0714700700332, 9.59755539894104","49.0666290752884, 9.63653326034546",5033,990
416,64881,"51.7625053705645, 14.3390851044387","51.7507119537192, 14.3560452463862",1936,482
417,64899,"51.4661433292276, 6.77594769007556","51.4645475392449, 6.78260171433067",712,177
418,64943,"50.8688512078595, 6.09672546386719","50.908899917635, 6.15715026855469",9369,2114
419,64975,"51.1553375972971, 14.9881839752197","51.1910283183749, 15.0022602133686",4549,821
420,65006,"51.6653545622324, 7.46967315673828","51.7007587029046, 7.45763540267944",5877,1005
421,65022,"52.6245254598095, 6.84378114994615","52.6256255148781, 6.84515444096178",593,103
422,65023,"50.1102584088306, 8.68915557861328","50.1337943703434, 8.91883850097656",19784,3736
423,65037,"51.3518867868515, 11.0983888059855","51.4241847674447, 7.35950088710524",344115,66043
424,65046,"50.9976736712447, 7.152099609375","52.1281138540548, 5.701904296875",197717,37223
425,65047,"47.7624414791802, 8.81937789497897","47.738876017481, 8.97249984322116",15311,2826
426,65061,"49.2879593119061, 9.27143096923828","49.3077565180685, 9.27001476287842",3460,1171
427,65073,"53.5741062849862, 9.95046758638637","53.722960446942, 10.1649284362793",28273,5516
428,65091,"52.031036585438, 8.50505411624909","52.0127817856743, 8.4756088256836",5285,1970
429,65101,"51.1834749228829, 10.48095703125","50.1110677248227, 9.38232421875",193818,40755
430,65103,"52.1744783885651, 11.7063295990838","52.3648459161162, 11.8976447493226",36025,7038
431,65110,"49.8254840842685, 9.92168426513672","49.8075492364253, 9.92923736572266",4556,1113
432,65123,"53.9195051654718, 10.6978511810303","53.9078017753173, 10.7133221626282",2137,366
433,65133,"50.9740105840268, 6.86602592468262","50.9727209110954, 6.86409151550834",776,200
434,65172,"49.8756798970306, 10.7824158694712","49.856663542627, 10.8006191288587",3630,857
435,65174,"53.7727106145635, 12.5724792480469","53.7836182582987, 12.557373046875",2493,551
436,65178,"48.1746216383003, 11.586971282959","48.1707579765883, 11.5493774414062",3629,875
437,65189,"54.3176321793372, 10.1304330831044","54.2946950931753, 10.1586628012592",3886,988
438,65197,"48.5229470199943, 10.857084270101","48.5310262845788, 10.8721132267965",8648,1543
439,65204,"50.3740143579128, 11.7886734008789","50.3639118308072, 11.6607856750488",10016,1973
440,65209,"49.7233499109443, 12.0748597383499","49.7154303577146, 12.0765495300293",1036,145
441,65221,"51.6338416279422, 13.7088775634766","51.6240714923502, 13.6965179443359",2127,501
442,65230,"50.1023038507996, 9.10543441772461","50.1058271398312, 9.13049697875977",2479,1223
443,65262,"51.0055460846572, 10.1712799072266","50.9994967331653, 10.169563293457",2664,480
444,65268,"51.338575782805, 12.3920988667669","51.3274757387441, 12.396054205019",1420,310
445,65272,"51.5873697456993, 7.55537509918213","51.5722719766326, 7.58374214172363",3559,755
446,65275,"49.4635011749967, 11.0714721679688","49.4787265710367, 11.0939598083496",3227,622
447,65276,"52.6240044337577, 10.0809860229492","52.6238440541777, 10.0809860229492",4,1
448,65279,"51.3118442778877, 12.2956323623657","51.300698572704, 12.2448635101318",5727,1266
449,65304,"48.9090079956272, 8.253613114357","48.9128061686885, 8.22501181857661",2827,566
450,65322,"53.3834831239185, 10.724823474884","53.3737266216779, 10.7164764404297",1698,331
451,65337,"53.958687523058, 13.4400647876464","53.9636216138058, 13.4303426725091",1217,209
452,65350,"53.053375026727, 8.84854316711426","53.3104140455605, 9.02284591667654",38513,7622
453,65354,"52.5014924812233, 13.3517360687256","52.5130885165576, 13.3606624603271",1929,430
454,65371,"51.0979561130094, 6.45893096923828","51.0962420337725, 6.48330688476563",2679,445
455,65379,"49.8353529427828, 8.49311828613281","49.833560641977, 8.49449157714844",507,86
456,65387,"52.4399037611135, 13.4576082229614","52.3264403460954, 13.4119565226138",17788,3411
457,65400,"51.2959254476597, 6.84235381660983","51.3008341741581, 6.73568345373497",8945,1871
458,65418,"50.8585562065628, 9.6955482957128","50.8594350349686, 9.70615052967332",1133,195
459,65420,"48.9514709802981, 8.82884502148954","48.9705852742248, 8.80094289430417",4229,815
460,65421,"51.4830649542032, 7.21999168395996","51.4834324263651, 7.22385406494141",306,78
461,65422,"53.3969984999114, 8.13585663679987","53.3532153949102, 8.08065032120794",7092,1352
462,65440,"53.5265400445989, 8.10370445251465","53.5106125800157, 8.09773921966553",3152,636
463,65457,"52.4446092022682, 13.5686302185059","52.4119067923544, 13.5842514038086",3910,724
464,65481,"54.3124935411288, 10.0434994697571","54.3438689583415, 10.1754426956177",14501,3025
465,65486,"52.9431957657633, 8.62543916780851","52.9411672409546, 8.62761926677195",269,54
466,65497,"51.0067882645719, 6.9054651260376","51.0286020014057, 6.86649799346924",4734,909
467,65502,"50.9984586094636, 7.15179920196533","51.0287396967034, 7.11145877838135",6151,1296
468,65505,"49.421261363111, 8.3932113647461","49.4110883776397, 8.38823318481445",1707,361
469,65511,"52.4444103525328, 10.0095947342925","52.4418214601533, 10.0437231814431",2924,552
470,65519,"51.1449599342717, 12.6602008519694","51.1429761127037, 12.70330178726",4741,920
471,65528,"48.0229983210489, 11.953125","48.153026640026, 11.653773703853",32588,6548
472,65562,"50.1704316595183, 8.72134208679199","50.2121084050514, 8.48178863525391",22906,6723
473,65565,"52.1066048584049, 11.5989124774933","52.1073066441363, 11.6224193572998",2307,476
474,65566,"54.3179788713387, 10.1771035186539","54.2752685148103, 10.2124958048807",7752,1589
475,65578,"49.6792089082559, 12.1622085571289","49.6775177851996, 12.1691393852234",874,261
476,65586,"50.0507736910244, 10.2281105518341","50.0440219206996, 10.2456951141357",2485,494
477,65593,"48.5152682504245, 10.9272766113281","48.524154774848, 10.8860778808594",3777,678
478,65599,"51.4878760996038, 7.2165584564209","51.4367695300339, 7.19705424819544",7230,1752
479,65618,"51.9605841558583, 7.65369415283203","51.9565445639077, 7.68733978271484",2764,536
480,65633,"53.5609272912426, 10.204496383667","53.6115666234287, 10.2991104265675",9288,1945
481,65652,"52.4106134401329, 12.0650482177734","52.4092063345529, 12.0533752441406",12519,2335
482,65669,"50.8820535788269, 11.8525314331055","50.8736219954833, 11.8587112426758",1932,467
483,65674,"50.0082975268608, 10.0946760177612","49.9430905190488, 9.95241165161133",17422,3855
484,65691,"49.4015681836092, 10.9410781902261","49.4254862842754, 11.0036358841171",7642,1295
485,65704,"52.9021861280742, 10.5897903442383","52.8723608639456, 10.4343023314141",15256,2915
486,65709,"49.3039006667685, 11.3500785827637","49.3123346640801, 11.3410726193979",1974,385
487,65720,"49.4550770461111, 8.47723960876465","49.4495017151117, 8.45166206359863",2371,453
488,65723,"51.9747297749497, 8.525390625","51.4458731587061, 7.01228141784668",147924,27634
489,65727,"52.4500607679, 13.4176969318651","52.5244634817619, 13.4103815564595",12586,2565
490,65739,"52.4878504226198, 13.413587808609","52.477502724966, 13.4120750427246",1933,420
491,65741,"51.3328103826593, 13.9581298828125","51.0631508985601, 14.0830993652344",37448,7713
492,65745,"48.5133804775049, 11.4658845662416","48.5116184374582, 11.4640724652418",237,72
493,65747,"52.3374958565396, 8.87420654296875","52.3349260585742, 8.89617919921875",2155,432
494,65752,"52.3974961663687, 13.0654907226563","52.3987399874289, 13.0658340454102",463,137
495,65758,"54.1564123888753, 12.0635890960693","54.1408312882879, 12.0801544189453",2857,591
496,65762,"49.2348378536342, 6.99451875712839","49.2230365500633, 6.97383999890008",2820,950
497,65785,"52.3939085281841, 9.71811103925575","52.4061890870871, 9.87783336691791",14528,2969
498,65816,"49.1546537331585, 8.28326225280762","49.1440992392259, 8.27339172363281",1846,332
499,65829,"52.3349387348215, 9.76804733276367","52.3469001315528, 9.74710464477539",2862,520
500,65831,"52.2992800735897, 8.96621704101563","52.3001461244806, 8.98982048034668",3524,670
501,65837,"48.1201578553456, 11.6287815570831","48.0220405463126, 11.5034883550834",16490,3269
502,65840,"52.1976611907035, 14.1043853759766","51.9502748776231, 13.9052581787109",37778,6695
503,65842,"52.3638547019966, 9.753338098526","52.357864169697, 9.74045276641846",2400,543
504,65852,"53.5401450975705, 8.58334974880563","53.5881524759892, 8.58152389526367",6564,1329
505,65859,"54.1244263418835, 12.0525788068335","54.1766330142027, 12.012479781406",8615,1716
506,65862,"51.6035720136379, 7.22282409667969","51.5224427848126, 7.25921630859375",12835,2761
507,65869,"53.6833632378569, 14.077262878418","53.7532716502097, 14.2193984985352",13525,2504
508,65878,"52.2965383286641, 7.59086608886719","52.2955048825262, 7.5860595703125",449,80
509,65885,"51.4932620426576, 7.08359599113464","51.479620593905, 7.08824157714844",3154,768
510,65887,"51.3407196297572, 12.377815246582","51.3520616549219, 12.359790802002",2216,475
511,65900,"47.8127471358323, 9.6464478973212","47.8289514798678, 9.69981968377397",5196,1462
512,65908,"48.0654113150174, 11.618669629097","48.0685444596122, 11.6204130649567",629,146
513,65913,"50.8034979288455, 11.5919259830844","50.8103474533237, 11.472449664725",9218,1866
514,65919,"50.7896796037059, 12.7361583709717","50.7690474017344, 12.7739238739014",6401,1616
515,65932,"51.1148096437773, 13.9213943481445","51.1117562751523, 13.8781356811523",3658,910
516,65940,"47.7188651731066, 10.2960669994354","47.7180804322441, 10.2532911300659",7432,1749
517,65941,"50.948951148766, 13.6677360499743","50.9603769084219, 13.6615705498843",1687,333
518,65946,"50.113951278921, 8.68818998336792","50.1121087781809, 8.69080781936646",606,152
519,65953,"53.9316600735961, 9.47158813476563","53.9444192338118, 9.48034286499024",2130,468
520,65963,"51.0947021816851, 12.3359298706055","51.0897337008696, 12.3105239868164",3279,629
521,65973,"51.3513274976931, 12.3622798919678","51.3491260646134, 12.3613786671194",357,63
522,65992,"50.9309679294364, 6.91935360431671","50.9317117342684, 6.90194606781006",1864,348
523,65997,"50.110322156198, 8.68318866840127","50.1265952774357, 8.69239860472646",2188,548
524,66000,"50.8560397265334, 12.4231338500977","50.8864024743749, 12.4265670776367",4127,723
525,66041,"51.9966805164789, 8.56246948242188","51.9816241454675, 8.54907989501953",4488,1521
526,66061,"48.3769054932144, 10.0130939483643","48.3689322214948, 10.0915431976318",7694,1609
527,66071,"51.1602666178789, 12.9253921564668","51.1612355155045, 12.8316650446504",10126,1885
528,66079,"50.1012724483597, 11.0024374723434","50.1001020936752, 11.0048568248749",222,61
529,66087,"48.5500530634873, 12.1759971231222","48.5498577548246, 12.2001886367798",2453,600
530,66089,"51.9428297152722, 13.8871800899506","52.8849031969783, 14.0982055664063",134242,24865
531,66093,"49.510238901825, 7.08889424811787","49.5642006061198, 7.07007407967467",6946,2006
532,66124,"53.5116325955959, 9.99790191650391","53.5203457243042, 10.0354099273682",4375,906
533,66127,"53.6097453567458, 9.90516185760498","53.6070145869087, 9.88949775695801",2306,415
534,66128,"49.8710270332479, 7.37503050011583","49.8562337200951, 7.39635983482003",3806,853
535,66132,"51.3249462570843, 12.4772071838379","51.2982188853604, 12.6021766662598",11163,2148
536,66134,"48.3970130808964, 10.0058305263519","48.3883221352531, 9.99550938606262",1799,360
537,66135,"52.4137154585154, 7.83668518066406","52.3833861629057, 7.9376220703125",10548,2000
538,66168,"50.7991028756463, 11.7719974368811","50.8065522746125, 11.7601384976297",1328,595
539,66174,"52.4885851731296, 13.3180475234985","52.4931498680366, 13.2436752319336",7762,1651
540,66214,"49.8976845588043, 8.29630851745606","49.9047959436096, 8.30918312072754",1398,375
541,66225,"48.8566625007482, 8.73725507757626","48.8612026522634, 8.72689533076482",1194,242
542,66227,"52.425676316146, 13.35581575775","52.3596190082359, 13.3985524803575",10732,2076
543,66261,"51.0951192452044, 12.3348881624406","51.0807604497835, 12.3937680147355",4737,882
544,66275,"52.5164898539181, 13.2601633077138","52.4760472156062, 13.2139091554564",7019,1246
545,66291,"49.4844514828253, 11.8829047679901","49.4837509892651, 11.8725299835205",1041,235
546,66292,"50.0176947282552, 8.42428207397461","50.0236264978999, 8.46196174621582",3754,725
547,66296,"48.1065714976639, 10.118408203125","47.4171262099633, 10.2694702148438",95061,18500
548,66306,"51.3827060343648, 7.76338577270508","51.4865425759657, 8.13880920410156",40291,7903
549,66361,"54.3261939517792, 10.1868853555061","54.3214243746521, 10.2064289990813",1577,340
550,66403,"53.0038220048301, 11.7494648694992","52.9767620372209, 11.7660140991211",8330,1619
551,66425,"48.1325820015681, 11.4880750174052","48.1330066187823, 11.4817535877228",593,132
552,66432,"53.5820666571919, 9.85542297363281","53.5511606076335, 9.83139038085938",6939,1344
553,66447,"50.9640834361098, 11.0161435604095","50.9489430379336, 11.0000824928284",2378,461
554,66451,"51.3395199249889, 12.3637390136719","51.3588033377668, 12.3163918952923",5027,992
555,66454,"48.4548954686211, 9.2230033868691","48.4326601064507, 9.22477632178925",4223,2003
556,66498,"48.1930004523467, 11.5524888038635","48.2580672912084, 11.5660285949707",9784,1773
557,66521,"52.2519394517656, 7.36901789838157","52.2393500277104, 7.3376941611059",3512,646
558,66539,"48.7579532458537, 9.15268421173096","48.7603155366994, 9.09616470336914",5417,1700
559,66541,"52.518348360767, 13.6190986633301","52.492027711009, 13.7955665588379",17237,3345
560,66546,"51.4327283882288, 7.10575103759766","49.9494526166855, 5.6689453125",270600,53272
561,66548,"48.1753585629373, 11.3561725616455","47.8385097665903, 11.3505935668945",44211,8966
562,66561,"49.9853104219697, 8.17597389221192","50.010610423265, 8.09925685884082",7774,1456
563,66588,"49.2729774252007, 11.4813995361328","49.2631865896585, 11.5319108963013",4370,993
564,66592,"50.3165233612798, 11.9110983611245","50.3275903419699, 11.9214785096847",2185,533
565,66600,"49.0040049808256, 8.3982574937545","49.0208014125274, 8.40404033573577",2499,436
566,66615,"50.9577652584379, 6.97377319185762","50.8966912470373, 6.78639259538613",16960,3609
567,66623,"52.6026826371908, 11.8535614013672","52.6698049623811, 11.9922637939453",14485,2765
568,66629,"52.6775460404664, 7.95744895935059","52.6618664303852, 7.94738531112671",2570,497
569,66641,"50.792683676045, 12.9336547851562","50.3800355474818, 11.79931640625",121308,26161
570,66643,"53.5590268034903, 9.97745466185734","53.6135822837789, 10.0358625075953",9933,2180
571,66659,"50.8764566128535, 6.88543224387104","50.9084588281423, 6.89635849208571",4701,910
572,66663,"50.9865635991703, 12.9848442098591","50.9799984118919, 12.9971737864253",1329,446
573,66672,"52.5216011572513, 13.3280253410339","52.5108945978435, 13.3420372009277",2065,404
574,66703,"52.6329042404529, 9.22655796431173","52.4619313112516, 9.37000372803596",29869,5537
575,66718,"50.4350126126594, 7.51155853271484","50.4443602795114, 7.53044128417969",2958,530
576,66739,"50.0008870410179, 8.25260135577992","49.9591011899513, 8.17387424249319",9472,2307
577,66760,"51.0558492351437, 6.95251643657684","51.058770645753, 6.97994470596313",3055,683
578,66769,"51.4864655178096, 6.95060133934021","51.5867782433723, 6.86346530565061",18762,3530
579,66784,"52.4863279646766, 13.2673645019531","52.5616645437844, 13.282470703125",15916,3213
580,66788,"49.8440915930551, 10.0427227030741","49.8314536240325, 10.0648670207011",2497,596
581,66791,"53.9883950648, 12.6068115234375","54.0186625048007, 12.348461151123",24596,4544
582,66810,"52.4714907695815, 13.4636281739222","52.459155286451, 13.4746413241373",1984,393
583,66818,"48.8327004766988, 9.31597709655762","48.8313397766028, 9.31966781616211",753,144
584,66843,"51.513870548724, 10.2708435058594","51.6310180285296, 10.4727172851563",28666,5792
585,66851,"53.4329068853166, 9.79499816894531","53.4099539451431, 9.86160278320313",7058,1592
586,66856,"51.0908065064401, 13.7149572381168","51.105002218537, 13.7201070794254",2706,845
587,66857,"48.1601600324882, 12.8272247314453","48.1841757958253, 12.8268814086914",4237,1006
588,66865,"50.9637280118321, 6.98065280914307","50.9738001446796, 6.99296951293945",2481,522
589,66868,"51.3135642124534, 12.2671794891357","51.3231243898402, 12.352409362793",6956,1428
590,66875,"52.1020644002867, 8.78601551055908","52.0957364778923, 8.77601623535156",1655,590
591,66878,"53.3103744615558, 7.48894214630127","53.3354632713982, 7.57688641548157",8126,1547
592,66884,"52.2625722461397, 10.5405278208491","52.2696733666609, 10.577319143631",2698,560
593,66891,"50.6412420299322, 11.8192291259766","50.6486781591487, 11.7745971679688",4914,977
594,66892,"51.4884648266779, 9.1461181640625","51.4374035581685, 9.13787841796875",9118,2338
595,66900,"50.9501137340711, 6.82971954345703","50.9475266041627, 6.86954498291016",3450,640
596,66901,"53.4836044770814, 10.1639270765008","53.4896009677377, 10.0945758802118",5936,1203
597,66918,"48.4337867314951, 7.80865994689521","48.429911253999, 7.81586972472724",726,157
598,66930,"51.1116211099266, 6.41774511284893","51.1248888253282, 6.4127240201924",2203,440
599,66943,"51.5065838811547, 7.49547242943663","51.4902590762511, 7.51114368089475",3325,648
600,66976,"48.7627804984736, 11.4343643188477","48.7502133709063, 11.403636932373",3256,611
601,66980,"51.1455673812443, 14.0188980102539","51.1647121657726, 14.1061019897461",8404,1960
602,66981,"52.531404731504, 13.4288558931439","52.5047070223584, 13.2839143466437",12308,2661
603,67027,"53.547974736271, 9.96141314506531","53.5580008478301, 9.95365405200573",1795,380
604,67035,"50.1188170284205, 8.68881225585938","50.1337840546142, 8.25965881347656",43808,9807
605,67046,"51.8303003067696, 7.27741241455078","51.8243626670613, 7.25303649902344",2120,383
606,67049,"51.8258444994252, 6.93134307861328","51.8555239046578, 6.90593719482422",5357,956
607,67065,"53.648259668958, 10.1286363592953","53.7031322005366, 10.1324558275519",7430,1448
608,67093,"50.5149947517715, 7.75171279907227","50.5130117215726, 7.75411605834961",505,173
609,67133,"52.885231210952, 7.29938507080078","52.8854143723845, 7.2811201075092",10000,1787
610,67142,"52.5332341456523, 13.5461157543978","52.5336625976277, 13.5820369730936",3345,871
611,67143,"52.4584640768841, 13.458251953125","52.4441908892659, 13.2252216339111",19466,3924
612,67160,"51.2280183685939, 6.75727844238281","51.2377501292214, 6.76199913024902",1504,289
613,67163,"53.4335000452602, 10.0992164632771","53.4069659552048, 10.081363680074",3703,647
614,67179,"48.1390091240696, 11.5031232839101","48.0314478406664, 11.1540069663897",34538,7024
615,67195,"52.0062728951867, 8.423285423778","52.0065422818799, 8.45800733193755",3016,602
616,67201,"52.5224881528076, 8.19734573364258","52.4781801445649, 8.09606552124024",8671,1585
617,67236,"51.8943550806469, 6.98558807373047","51.8934572790675, 6.98404312133789",188,73
618,67237,"50.5677100847771, 7.52813243918354","50.5720119390482, 7.52727413229877",742,158
619,67244,"50.8769521633754, 6.16334724531043","50.8506509737237, 6.27597427577712",10965,2010
620,67263,"48.3484133486069, 10.939856171608","48.3409615607736, 10.9388637542725",961,180
621,67265,"50.0099568477586, 8.45189892046619","50.0118343551171, 8.46940838091541",2032,568
622,67272,"50.6065707764206, 12.6385474205017","50.6038875406482, 12.6408863067627",1126,219
623,67301,"53.6319350636925, 10.0109767843969","53.5943854018927, 10.0233650067821",5321,1143
624,67303,"50.7762819760948, 7.88520199494087","50.7251800263131, 7.90200550563895",8597,2878
625,67311,"52.8325303260053, 13.8251137733459","52.8311774334675, 13.8150501251221",989,198
626,67324,"52.6955669490661, 10.0433921813965","52.6737244638766, 10.0763511657715",4226,766
627,67327,"51.8845444743839, 7.60717391967774","51.8599555743128, 7.60786056518555",4139,798
628,67328,"50.7267161362689, 8.72640609741211","50.7149607234105, 8.71885299682617",2114,465
629,67343,"48.2120302058538, 11.5589904785156","48.1774323887344, 11.5527248382568",5225,1101
630,67348,"48.3503589571573, 10.5861854553223","48.3361842396163, 10.6313180958387",4222,826
631,67355,"49.4650045344938, 11.0918612482783","49.4649585139279, 11.0915801526426",14,2
632,67358,"52.3637084139027, 13.091699705401","52.3555816058469, 13.0927296736627",1499,260
633,67365,"53.4946328537101, 13.3085632324219","53.4891793999408, 13.3339691162109",2198,486
634,67367,"50.7744645741799, 8.04010391235352","50.7514454011127, 8.04182052612305",4463,1617
635,67374,"48.9927418524625, 12.1998023986816","48.9648058254293, 12.2912979125977",9972,1982
636,67388,"48.0474045838185, 11.6250600811327","48.117362202197, 11.5890834348102",10251,1978
637,67389,"51.8358305567107, 6.69754028320312","51.8384093693984, 6.72569274902344",2464,468
638,67392,"48.0415372317904, 7.58335590362549","48.0197834661528, 7.58829116821289",4138,753
639,67395,"53.0522058969121, 8.76117110230552","53.0486453838381, 8.75259160951828",874,227
640,67404,"49.007952951865, 8.42445373535156","48.9919045796338, 8.4261703491211",2296,563
641,67407,"53.6129978614746, 10.0983524305047","53.6237794058342, 10.0684833509149",3277,660
642,67411,"50.7953294820477, 6.33808135986328","50.7901378663038, 6.35009765625",1864,487
643,67413,"52.3586467646715, 9.85179662704468","52.3505506397214, 9.8500230990901",1469,319
644,67414,"52.5248816735606, 13.3922195425839","52.5259330403825, 13.3923997875536",335,60
645,67423,"48.1247595823739, 11.4774918313196","48.1221643459755, 11.5103364276001",3431,704
646,67425,"50.2991506321106, 12.1900177001953","51.1851966975389, 10.3848724463023",-1,-1
647,67436,"52.5174237587759, 13.4022650133738","52.5445727814885, 13.3828611359058",4841,1037
648,67456,"52.5327884742695, 13.405476808548","52.5296777046296, 13.4032988548279",581,182
649,67458,"50.1153084546102, 8.09670925140381","50.0498643242486, 8.1075668334961",9046,1766
650,67461,"49.7012109253268, 8.62157821306027","49.7278984201365, 8.62638473161496",4559,1511
651,67465,"51.0940553226733, 6.84182167053223","51.0523190878405, 6.79804801940918",7511,1401
652,67466,"50.0992345245429, 8.68417739868164","50.0601367553567, 8.69516372680664",5979,1257
653,67468,"49.4437286831384, 11.0425901412964","49.4449232795893, 11.0391283033096",376,66
654,67477,"51.9985266392262, 11.7536888143513","52.0622289130211, 11.8023729327251",11151,2229
655,67483,"51.0034649157194, 9.71603393554688","51.0120518582817, 9.6895980834961",3019,536
656,67486,"52.5325147712791, 13.3897376060486","52.5231001448198, 13.386025428772",2141,495
657,67487,"53.1480596320254, 8.21865320205689","53.1448707348801, 8.25262069702149",3096,679
658,67494,"49.2361002294922, 6.99460029602051","49.2585831341389, 7.01279640197754",3960,1519
659,67499,"54.1315772200473, 8.84890364133753","54.1336675085915, 8.83893227590306",1094,191
660,67511,"52.2894907317968, 8.01555633544922","52.2914774932913, 8.00851821899414",877,149
661,67534,"51.2684866384417, 6.6207218170166","51.2583949547891, 6.65677070617676",5085,878
662,67537,"49.5929233634171, 11.2233924865723","49.5903727040554, 11.2245941162109",1239,291
663,67543,"50.6614194605417, 7.15395033359528","50.6346773470968, 7.06782996654511",8294,1797
664,67551,"50.6460644011601, 9.41390991210938","49.8733027434239, 8.65040302276612",134731,27095
665,67571,"48.7632148921263, 8.24130630120635","48.7655898222525, 8.24267959222198",643,261
666,67595,"52.1463157965157, 9.53315019607544","52.1516211353788, 9.55123901367188",1530,550
667,67612,"51.9371362262997, 7.60715603675635","51.9432031685378, 7.59509754338069",1514,381
668,67616,"49.627655150265, 11.5516090393066","49.6386000473453, 11.5555357933044",1468,379
669,67626,"52.5396141810695, 14.26025390625","52.4071262721366, 13.0935184657574",96343,18286
670,67647,"52.154845339731, 8.05459642593632","52.1552310860262, 8.05871202028357",703,191
671,67648,"52.6024014794843, 11.5337279252708","52.5848641761064, 11.5559095004573",3076,663
672,67651,"51.0466283818041, 8.39286804199219","47.6387909889048, 12.83203125",648477,128525
673,67652,"53.6404416297077, 11.427755355835","53.621379782817, 11.4172840118408",2711,544
674,67657,"51.0482148005464, 12.1295242320048","51.1194094528322, 12.1073921310017",10384,2239
675,67668,"52.3964796030224, 9.7722315788269","52.3691132030991, 9.78122234344483",4328,992
676,67695,"49.5110094625672, 8.72710132258362","49.539126930869, 8.68097376882361",7157,1237
677,67712,"48.1469542636368, 11.5529233217239","48.1518862464771, 11.5940952301025",4257,855
678,67713,"47.996167275885, 7.83634185791016","47.9568774493961, 7.85007476806641",6506,2327
679,67721,"49.4433724495379, 7.76613235473633","49.4471274225995, 7.72411823272705",3664,787
680,67745,"50.202538681042, 8.59143733978272","50.2145489351784, 8.53405952453613",5001,1355
681,67749,"48.6438267482276, 10.5379486083984","48.7566485149209, 10.5513381958008",14588,3256
682,67755,"50.8154099239221, 6.82261074660346","50.8167433100682, 6.86037624953315",4090,779
683,67760,"48.813009569576, 8.30600738525391","48.7708836623001, 8.26858520507813",8986,3014
684,67770,"52.5078924735631, 7.13274478912354","52.5687551641115, 7.11793899536133",7335,1434
685,67771,"50.7471280453859, 7.28187561035156","50.7482311812204, 7.29114532470703",1493,324
686,67786,"49.1232685717624, 8.52256250407663","49.1407976919174, 8.51452445669566",2751,536
687,67798,"53.0546172577371, 8.73622298240662","53.0688708291869, 8.7326717376709",2089,445
688,67810,"51.4549696256514, 6.63711547851563","51.4568983385119, 6.64484024047852",1620,389
689,67857,"48.1570363736323, 12.8308930189814","48.1357493074033, 12.8123535902705",3233,997
690,67884,"50.516919485758, 10.8544921875","50.7670415851565, 11.590576171875",80984,16958
691,67897,"53.5033409680347, 8.6967945098877","53.5029564957827, 8.69782447814942",80,14
692,67902,"51.0241752908272, 11.5116119384766","51.0116823997298, 11.5212249755859",1819,489
693,67905,"53.6918341254555, 10.0297451019287","53.6969708810251, 10.0200462341309",1019,218
694,67910,"51.9709492335953, 11.6558074951172","51.9616584541434, 11.6118621826172",3493,729
695,67913,"48.0962177806763, 11.5224266052246","48.0956349763815, 11.5222549438477",97,18
696,67916,"48.0864907629057, 11.599348069285","48.1635204296831, 11.4565448462963",17246,3388
697,67921,"52.3690738615249, 9.72479793137609","52.3541571834482, 9.74595178078744",2769,561
698,67925,"51.6255692281775, 7.49003219709266","51.6560140911207, 7.53014087938937",7167,1481
699,67926,"52.9140780505118, 12.7908325195313","52.9644704726018, 12.8079986572266",7341,1395
700,67928,"49.0098045168217, 12.3729164596443","49.0269129279082, 12.3334751097718",4044,1044
701,67930,"48.1377041478318, 11.3635540008545","48.0639013177846, 11.1816787719727",18935,3862
702,67955,"51.7394610736738, 8.37600231170654","51.8001429323718, 8.43887329101563",11075,2060
703,67962,"52.0162228735266, 12.9921698570251","52.0439919811322, 13.02978515625",5069,869
704,67966,"52.6249618143553, 7.23346710205078","52.5876214876666, 7.29114532470703",8540,1613
705,67975,"51.4278052314925, 6.84242248535156","51.4287768611657, 6.81615829467774",2391,645
706,67981,"52.0896260215423, 11.6626739501953","52.152042441229, 11.7038726806641",12255,2272
707,67984,"53.6051366823406, 10.0508165359497","53.596681894812, 10.0246381759644",2415,521
708,68006,"51.6611761660703, 6.96533203125","51.7636169463381, 6.8719482421875",17590,3244
709,68007,"48.0898046524975, 11.8842887878418","48.1042308171981, 11.8783082265873",2278,346
710,68010,"49.2870747036563, 6.73032760620117","49.2769442398777, 6.77736282348633",8293,1565
711,68022,"50.8805643695415, 6.87744140625","50.8116194758949, 6.81873321533203",11102,2230
712,68051,"52.5131809492644, 13.4036503669631","52.5095696580096, 13.3839611362782",1914,407
713,68052,"50.0972524335866, 8.85498046875","50.1138142228725, 8.87502193450928",3435,696
714,68057,"48.1645120843445, 11.5836882591248","48.2178949087377, 11.616153717041",8104,1521
715,68059,"52.3748236812843, 7.59917450370267","52.3946260829901, 7.61125946883112",2804,614
716,68062,"53.737568801051, 14.0892791748047","53.7625263207338, 13.9533233642578",10940,2023
717,68066,"50.4853645496148, 12.146909236908","50.4730094841577, 11.9929504394531",14311,3210
718,68069,"51.7183473690886, 11.8928718566895","51.6999886963621, 11.8862843513489",2106,376
719,68083,"52.5033370372834, 13.1845378875732","52.4989080572841, 13.1685733795166",1754,316
720,68084,"52.5659298140144, 13.5051155090332","52.5734500923454, 13.4889793395996",2078,352
721,68087,"51.4789306883373, 6.90911293029785","51.4903140483083, 6.90297603607178",2012,373
722,68088,"49.302320545066, 10.5746841430664","49.2405112846555, 10.8599853515625",25275,4922
723,68094,"50.7312257453479, 7.07659649888228","50.7245263703971, 7.09264039993286",2404,541
724,68103,"51.5892556946958, 13.8196930708364","51.590414768662, 13.8464722456411",1896,317
725,68104,"49.3089168002346, 8.42711448669434","49.321284252989, 8.36874961853028",6141,1275
726,68149,"51.4712795171515, 11.9807468651561","51.4338791294817, 12.0329293012537",6950,1253
727,68151,"52.4441362830221, 13.4592604637146","52.4337308817082, 13.4499049186707",2217,427
728,68155,"50.9859714533931, 11.0188686847687","50.9929226125812, 11.0173988342285",1049,222
729,68171,"49.9035510899466, 10.9218263626099","49.8967494737561, 10.9177279472351",1380,290
730,68191,"50.9498832472512, 6.95291876792908","50.9194482558377, 6.97606086730957",6325,1347
731,68196,"51.57185520841, 6.98696136474609","51.5652297476081, 6.97940826416016",1690,344
732,68203,"52.3760707573598, 11.986083984375","52.3899342892245, 11.9599914550781",6244,1157
733,68205,"51.0379153827644, 13.7003695964813","51.0650958965462, 13.6911857128143",3694,808
734,68225,"51.5677873499168, 10.2461242675781","51.581556581708, 10.290412902832",3942,738
735,68232,"51.8700391794472, 10.2864646911621","51.8982746556439, 10.2923011779785",4545,1388
736,68237,"51.398748811833, 7.80029296875","51.9525037814136, 8.44573974609375",99106,18913
737,68252,"51.5844750340752, 10.6179535388947","51.5797213696362, 10.6419968605042",2319,409
738,68259,"51.4253496981039, 6.85246467590332","51.4277097959312, 6.87014579772949",1724,358
739,68267,"51.5748425185613, 12.2655487060547","51.6063123646115, 12.3644256591797",11773,2135
740,68277,"50.8698276813152, 12.958205938121","50.8452590016754, 12.9631948462338",3323,824
741,68283,"48.6988027298887, 12.6077830069698","48.6986543376529, 12.607096361462",67,12
742,68312,"53.5697157611646, 9.99716699123383","53.5595845669388, 9.98736083507538",1846,544
743,68334,"53.1169555821386, 8.18867683410645","53.1250441551806, 8.11614990234375",6042,1183
744,68340,"51.4485885818308, 11.9589786540018","51.4097134268525, 11.9428596517537",5963,1147
745,68348,"51.454862323859, 13.8757018449542","51.5118817016006, 14.0249762521125",15366,2824
746,68378,"50.344947760416, 7.58884906768799","50.3166973443953, 7.57352828979492",4704,1868
747,68384,"48.1159884404743, 11.5760248314109","48.1153400111771, 11.5617350184402",1924,373
748,68385,"51.5352046822906, 14.6616153832292","51.5418939056686, 14.7158775350545",4577,885
749,68395,"50.0931691599816, 8.2318925857544","50.0998073427596, 8.23020815849304",1566,822
750,68409,"48.2006547381291, 11.6131496429443","50.533926911966, 10.3982072324195",336761,64213
751,68425,"51.815427706161, 9.45401430130005","51.8193879826728, 9.43442344665528",3157,593
752,68429,"51.3718816774716, 12.3342132568359","51.3649248375765, 12.3003959655762",3710,711
753,68435,"50.1072499154216, 8.63562941551209","50.0706156408791, 8.6858081817627",7588,1579
754,68445,"49.5915984976966, 10.9602660010569","49.6031316202198, 10.9537428687327",1803,343
755,68446,"52.5570498891428, 13.5740804672241","52.5358345795843, 13.5781574249268",3520,707
756,68449,"54.6071464826941, 8.98200988769531","54.5649893119424, 8.93051147460938",8050,1520
757,68462,"49.4572398771314, 11.0761821269989","49.4574440814571, 11.0495638847351",2382,412
758,68467,"53.0667831923278, 10.3598921405501","53.4673915215388, 9.86393094062805",70373,12795
759,68477,"52.5471925797302, 13.5642528533936","52.5551210482714, 13.5894012451172",3173,584
760,68490,"52.4017000314427, 9.77687895385316","52.3904026612491, 9.77126598358154",1930,475
761,68495,"51.5149584147623, 11.8809413909912","51.4863252201425, 11.8970775604248",4382,834
762,68523,"50.6100832220904, 9.04146194108762","50.6133602468012, 9.0404319728259",563,218
763,68525,"48.1012910239641, 11.626302273944","48.0615806611572, 11.5768164396286",6693,1295
764,68535,"49.0023356749938, 13.0780220031738","49.0179453776302, 13.0862617492676",16229,3872
765,68547,"50.7273382395581, 7.07366466565873","50.7280219096793, 7.05812931104447",1245,259
766,68559,"48.6961236121479, 8.13520431518555","48.6970413757275, 8.13177108764649",298,51
767,68561,"48.827131508782, 9.26274597644806","48.8222296651917, 9.24975872039795",1462,327
768,68591,"50.8939384704806, 7.65086174011231","50.9038988680641, 7.64562606811524",1546,426
769,68614,"51.9489478560982, 7.97743678092957","51.9435456494758, 7.94363021850586",3442,651
770,68616,"53.8403739790328, 10.6968212127686","53.8279138805761, 10.7507228851318",5357,978
771,68624,"50.0458022757752, 10.2463130961405","50.048343162787, 10.2379016886698",1979,475
772,68629,"48.3969495026133, 9.99019431910711","48.3995766124039, 9.99637412867742",782,161
773,68636,"50.0004154829174, 8.2678771018982","49.9964777479997, 8.26910018920899",741,192
774,68639,"52.6522285956196, 13.5442543029785","52.655560904462, 13.5080337524414",2805,572
775,68642,"50.0161642748762, 8.67948531929869","50.030853236912, 8.681459427753",2536,544
776,68650,"50.8766515838018, 12.0902824401855","50.8681389012177, 11.9951820373535",9673,2429
777,68654,"52.1188040647928, 11.6231231437996","52.115181540587, 11.6467609332176",2400,471
778,68658,"52.5438733303605, 13.4231472015381","52.5488558061423, 13.4227180480957",1200,279
779,68675,"52.3915637520662, 9.74139976431616","52.3765545592068, 9.73748159391107",2042,449
780,68679,"51.9751915257224, 9.51175689697266","51.9771054493103, 9.52823638916016",4310,1983
781,68684,"48.1114168615541, 11.6791749000549","48.102687426598, 11.6867923736572",1425,256
782,68689,"53.2324204012109, 8.78075408516452","53.2245489150395, 8.91808318672702",12603,2379
783,68713,"47.4991117605838, 11.1013412475586","47.5436271617368, 11.1137008666992",5639,942
784,68718,"50.6220509731146, 7.10506439208984","50.6714520592326, 7.09682464599609",8108,1534
785,68733,"50.9780331782143, 10.3201103210449","50.9298147971242, 10.2749633789063",8229,2492
786,68741,"48.0102601658618, 11.5949706360698","48.1735746621405, 11.5702085492376",21247,4147
787,68766,"49.4924785084593, 10.9291648864746","49.5045006920969, 10.9181785583496",2116,420
788,68785,"49.9900278243995, 8.65780162785086","49.9808344878843, 8.66227340593469",1603,269
789,68793,"50.9654890612898, 6.96379780769348","50.9621448051716, 6.97038531303406",1145,303
790,68795,"49.1222383008101, 8.34445953369141","49.1288511380862, 8.35424423217774",1716,379
791,68806,"48.8936294690224, 10.0991821289063","48.8841350747579, 10.0894832611084",1447,451
792,68808,"51.1058427115504, 7.3657751083374","51.1420959076088, 7.37551689147949",5909,1277
793,68809,"48.0819887659, 7.82072067260742","48.0989043303199, 7.81814575195313",2621,485
794,68812,"47.8161939592059, 8.96638870239258","47.8098559844063, 8.96101355552674",1588,721
795,68846,"51.955083345264, 7.53353118896484","51.9569677133555, 7.53387451171875",481,137
796,68847,"47.8106183113943, 11.1334419250488","47.8113100162601, 11.114559173584",3746,790
797,68849,"53.3786182186437, 7.196044921875","53.3729962363178, 7.19012260437012",1258,315
798,68854,"48.0964403911711, 8.50770950317383","48.0915962430055, 8.4895133972168",1690,601
799,68872,"53.6252019616882, 10.0230288505554","53.6275158707768, 10.0277924537659",1307,277
800,68895,"52.2058551506207, 8.79611778364051","52.200974981585, 8.79677009477746",1363,275
801,68902,"52.5172948535672, 13.479682803154","52.5189489856016, 13.475546836853",597,106
802,68905,"49.7551793715108, 11.5500640869141","49.811950464986, 11.5933227539063",10613,2262
803,68914,"51.1574673542723, 13.5886931419373","51.1647527432688, 13.59459400177",1584,540
804,68919,"50.5730297113788, 9.5720100402832","50.5823864278135, 9.57887649536133",1619,359
805,68923,"49.2498791800042, 9.98290970921517","49.4754532117725, 8.41794490726898",160544,31559
806,68938,"53.5824671311019, 10.0435028225184","53.6204326465659, 10.0547122140415",6428,1315
807,68946,"51.3334136783904, 6.56227111816406","51.5326686067416, 11.689453125",444962,84716
808,68948,"51.5370811761173, 6.93198680877686","51.5738903360687, 6.85100555419922",9564,1933
809,68953,"53.7139806670405, 10.1281929016113","53.7204820549214, 10.1491355895996",1963,380
810,68956,"50.3974735385413, 11.0170018672943","50.3952131349993, 10.982551574707",3162,702
811,68961,"53.5472481527706, 9.98127222061157","53.5931659132998, 10.022956430912",9122,1956
812,68968,"51.2973593096406, 6.84958934783936","51.2831914296845, 6.81697368621826",3320,591
813,68969,"51.3168366945941, 12.3724508285522","51.3109845103325, 12.3589754104614",1998,406
814,68972,"51.4860437292739, 14.3530426220968","51.4653014919691, 14.3247299152426",4411,821
815,68976,"50.6534033675642, 8.031005859375","50.2081771199327, 8.0912873324233",60108,12547
816,68979,"49.6556439123227, 9.85746574297082","49.6312836471787, 9.80304908647668",6141,1574
817,68990,"49.4434775525909, 7.89908409118652","49.4129870296459, 7.7962589263916",10583,2651
818,68993,"51.4829597229932, 7.16447639570106","51.4820243237879, 7.16293144330848",153,29
819,68995,"48.2587699798053, 11.4364242553711","48.2678906620931, 11.4480972290039",1463,293
820,69006,"54.307015928511, 10.1241588592529","54.5822599928147, 10.0250244140625",55705,10466
821,69017,"49.2692677016462, 8.70177268981934","49.261869243145, 8.71044158935547",1233,242
822,69039,"50.5727716904202, 11.25","53.8294842597236, 12.579345703125",486437,89368
823,69047,"48.1372503313953, 11.5117245912552","48.1288650777676, 11.523636818456",2013,485
824,69055,"48.1526134776954, 11.7251758585917","48.1561993751136, 11.7368488322245",1687,313
825,69061,"52.244493129082, 11.8168044090271","52.2623161536328, 11.773567199707",4103,705
826,69062,"48.0487099428869, 11.40380859375","47.788034586366, 11.3096033462893",35971,6883
827,69073,"49.4551851463402, 11.0772228240967","49.456416077295, 11.0780811309814",186,68
828,69078,"52.2530274427686, 10.5180358886719","51.7423368768911, 10.6103897094727",67980,16039
829,69086,"52.6496718092795, 13.197460770607","52.6157414342576, 13.2076907157898",4543,888
830,69087,"51.300596275226, 11.2180709838867","51.2946877898078, 11.2915420532227",6242,1645
831,69124,"48.1482497605876, 11.5580506327387","48.1471971161807, 11.5866751673457",3560,788
832,69131,"51.5831072733329, 14.1600723308511","51.559196971029, 14.1326751792803",4702,796
833,69136,"53.1632153991455, 8.23719406093005","53.0387944241933, 8.28755378723145",17464,3369
834,69149,"51.3494038944755, 12.3814260656945","51.271007529733, 12.3382502642926",11776,2686
835,69153,"48.177201543448, 11.7560234048869","48.1859576591266, 11.7549934366252",1164,215
836,69163,"51.265579512796, 12.314719195184","-6.07478345971915, -9.05960083007813",-1,-1
837,69184,"48.4924203061126, 8.00245408509","48.6050893419796, 8.20115356349561",36109,11803
838,69197,"49.8481208745344, 9.15839195251465","49.7013783891152, 9.25400733947754",21470,3970
839,69204,"54.0992848965329, 10.8136367797852","54.0914704884253, 10.8568954467773",3580,695
840,69216,"47.7433367775532, 8.97339248447679","47.7595527598515, 8.97727203264367",2265,593
841,69217,"53.5560173570374, 10.0355386734009","53.5302278240761, 10.0361824035645",4081,801
842,69229,"50.1016327679274, 8.7445385454339","50.1020542751126, 8.74541759490967",72,38
843,69234,"50.0948366493621, 8.65971565246582","51.1998843253514, 10.2195609536203",218596,45508
844,69248,"50.9386091121969, 7.00611233711243","50.9206349965913, 6.975417137146",4406,1255
845,69250,"51.4995629831793, 11.954197883606","51.493313755978, 11.9523096084595",1112,203
846,69255,"48.702213536478, 12.0298233692301","48.6909060492964, 12.0211193704745",1999,600
847,69258,"52.3712595245987, 9.72774982452393","52.3524977859709, 9.73195552825928",2992,601
848,69270,"51.8258444994252, 6.93031311035156","51.8550997984296, 6.90559387207031",5309,953
849,69275,"51.2795455374588, 12.3662055726891","51.2836399178226, 12.3420099021314",2078,418
850,69278,"50.1887971339462, 12.117919921875","50.1931713537793, 12.1079635620117",962,274
851,69286,"49.9198408349893, 10.931396484375","49.918647488352, 10.9418678283691",1025,192
852,69308,"51.7427186435485, 8.50728034973145","51.7421836383144, 8.50200176239014",1520,325
853,69325,"52.5255757694989, 13.1987857818604","52.57929196774, 13.1712341308594",7647,1474
854,69350,"53.1348445538521, 8.74099731445313","53.1265963438879, 8.75438690185547",1794,313
855,69361,"49.4556794984214, 11.0680550340112","49.5111738674134, 11.0618247964885",8623,1706
856,69382,"48.8561599178333, 8.2064437866211","48.8506973448615, 8.20121884346008",1291,245
857,69389,"50.3596520421612, 9.5151047932246","53.8450835384912, 12.9343414097093",605560,114404
858,69399,"48.1701068493773, 11.4208030700684","47.9965415669111, 11.3612365722656",27863,5458
859,69402,"51.3074339408128, 12.37384557724","51.2991616283242, 12.3609209078131",2182,440
860,69427,"50.0015208183217, 8.86252284049988","50.0049339655362, 8.84638130664826",1382,275
861,69435,"51.1135586837507, 13.7894725799561","51.1097089167597, 13.8165767211467",2556,804
862,69436,"50.9127748180176, 13.3386039733887","50.8926391311106, 13.3101081848145",4123,931
863,69468,"51.9700118700689, 8.45296561717987","51.9577571410301, 8.46820592880249",1807,413
864,69469,"49.2888995965391, 11.5279197692871","49.3206688461884, 11.4966773986816",5633,1365
865,69472,"51.0589082090145, 13.7566337606404","51.0640678941315, 13.7792930623982",1840,318
866,69478,"49.9753549000094, 9.18723106384278","49.9751384152398, 9.1915225982666",533,170
867,69488,"47.9629373955991, 12.5912761688232","47.8815392268853, 12.4543762207031",17778,3200
868,69491,"51.3657516060273, 12.4374305296806","51.3883167459312, 12.4496184874442",4232,829
869,69493,"51.7065020866562, 9.9955673259683","51.701443585117, 9.99144745292142",807,182
870,69502,"51.0853523825866, 10.667724609375","50.6142325697087, 6.93288803100586",364960,74109
871,69504,"49.4521408132216, 11.0640335013159","49.4626144333866, 11.0461664191098",2113,430
872,69519,"48.3454218312553, 10.0354013437754","48.3590151149977, 10.0499925608165",2607,526
873,69525,"51.6687491636565, 6.27456665039062","51.6664137226448, 6.30201101303101",2644,532
874,69562,"51.3609959204225, 12.3741352558136","51.3696906674109, 12.3823857307434",1430,275
875,69570,"48.4196031758543, 9.79858224978671","47.9393637038998, 9.30524826049805",82533,16136
876,69620,"53.5993662191577, 9.87140464887489","53.5822335277431, 9.89796066074632",3428,779
877,69628,"52.1357803252072, 11.6205418109894","52.0839174500094, 11.688723564148",8808,1653
878,69659,"53.511645355604, 10.2037239074707","53.5127427019321, 10.2044105529785",145,99
879,69661,"52.5623306119704, 13.2060384750366","52.5657737052625, 13.2072401046753",692,120
880,69726,"53.5495957487708, 9.94614601135254","53.5446968246365, 9.92477416992188",2528,596
881,69741,"49.0362959563339, 12.1288204193115","49.0586376235188, 12.1645259857178",4605,1058
882,69744,"53.5041988126044, 10.2090597117785","53.5007358504056, 10.2122640504967",1045,316
883,69769,"54.0545882642978, 13.7763404846191","54.1559625572193, 13.8178396224976",14771,2701
884,69776,"51.9456122602284, 7.16789245605469","51.9225918854334, 7.11708068847656",5383,1046
885,69780,"52.4800481162307, 13.4262085240334","52.4756220105456, 13.4917259373469",5791,1168
886,69784,"48.2967347256205, 10.9001541137695","48.2852561684205, 10.9039306640625",2206,411
887,69795,"48.8959853727325, 10.0803852081299","48.8994837554199, 10.076265335083",635,262
888,69806,"54.1109328790162, 11.9311866781209","54.1389893533606, 11.8834648153279",6488,1413
889,69811,"52.4433599169139, 13.3761978149414","52.4667266512631, 13.260498046875",10154,2243
890,69870,"50.1037344252424, 8.75134453293868","50.1191271889844, 8.72120857093251",4480,1026
891,69878,"49.8124701694736, 9.96091425418854","49.8073605589668, 9.94478344917298",2741,841
892,69882,"51.3249332933424, 12.2816848754883","51.3270210632966, 12.2932076454163",1084,184
893,69885,"52.0873005983995, 8.53802919387818","52.0814976365339, 8.53047609329224",2522,536
894,69907,"51.3469567702801, 12.3944727144044","51.3389099548107, 12.4239406095876",2947,617
895,69913,"54.1473372698657, 12.0614916086197","54.1483789388058, 12.0535797272169",1416,273
896,69915,"51.1877493923289, 6.6877555847168","51.1644951911975, 6.60861968994141",6834,1367
897,69916,"51.1440596865209, 12.6421737670898","51.1291752897452, 12.7262878417969",8325,1749
898,69918,"51.5220671782542, 6.93992614746094","51.6321261816663, 6.85409545898438",19448,3647
899,69919,"53.1686735365187, 8.19020032882691","53.1477286771391, 8.19715261459351",3349,645
900,69947,"52.5027464306704, 13.2874059677124","52.4735799945196, 13.2618713378906",5862,1265
